t_s,roll,pitch,yaw,a_x,a_y,a_z,w_x,w_y,w_z,vx_est,vy_est,X_est,Y_est,d_F,FxR,vx_enc, enc_count
1449023652.305,0.07,2.27,-31.3700,0.0315,0.0325,-1.0050,-0.0227,0.5376,0.0937,0.0000,-0.0000,0.0000,0.0000, -0.352, 90.000, 0.000, 1718
1449023652.323,0.05,2.28,-31.3800,0.0247,0.0295,-0.9847,0.2199,0.7222,0.2732,0.0000,-0.0000,0.0000,0.0000, -0.352, 90.000, 0.000, 1718
1449023652.334,0.05,2.28,-31.3900,0.0310,0.0305,-0.9982,0.1599,0.6605,0.1526,0.0000,-0.0000,0.0000,-0.0000, -0.352, 90.000, 0.000, 1718
1449023652.353,0.04,2.29,-31.4100,0.0257,0.0149,-0.9947,0.0984,0.5992,0.2141,0.0000,-0.0000,0.0000,-0.0000, -0.352, 90.000, 0.000, 1718
1449023652.370,0.03,2.29,-31.4300,0.0281,0.0247,-0.9962,0.1587,0.4146,0.3367,0.0000,-0.0000,0.0000,-0.0000, -0.352, 90.000, 0.000, 1718
1449023652.390,0.03,2.29,-31.4600,0.0287,0.0120,-0.9956,0.2212,0.4139,0.1543,0.0001,-0.0001,0.0000,-0.0000, -0.352, 90.000, 0.000, 1718
1449023652.408,0.03,2.29,-31.4900,0.0321,0.0091,-1.0033,0.0383,0.2296,0.1566,0.0001,-0.0001,0.0000,-0.0001, -0.352, 90.000, 0.000, 1718
1449023652.425,0.03,2.29,-31.5200,0.0262,0.0091,-0.9975,0.0367,0.3533,0.3378,0.0001,-0.0001,0.0000,-0.0001, -0.352, 90.000, 0.000, 1718
1449023652.444,0.03,2.28,-31.5500,0.0189,-0.0001,-0.9956,0.2210,0.1677,0.2170,0.0002,-0.0001,0.0000,-0.0002, -0.352, 90.000, 0.000, 1718
1449023652.468,0.04,2.27,-31.5700,0.0248,-0.0011,-1.0081,0.0365,0.1071,0.4005,0.0002,-0.0002,0.0001,-0.0003, -0.352, 90.000, 0.000, 1718
1449023652.486,0.05,2.26,-31.6000,0.0165,-0.0006,-1.0058,0.0984,0.2298,0.2778,0.0003,-0.0002,0.0001,-0.0004, -0.352, 90.000, 0.000, 1718
1449023652.504,0.06,2.25,-31.6200,0.0189,-0.0103,-1.0115,0.1600,0.1678,0.2173,0.0003,-0.0003,0.0002,-0.0005, -0.352, 90.000, 0.000, 1718
1449023652.527,0.07,2.24,-31.6400,0.0159,-0.0049,-1.0208,0.0978,0.2916,0.3380,0.0004,-0.0003,0.0002,-0.0007, -0.352, 90.000, 0.000, 1718
1449023652.546,0.08,2.22,-31.6600,0.0121,-0.0132,-1.0164,0.2811,0.1678,0.3382,0.0005,-0.0004,0.0003,-0.0008, -0.352, 90.000, 0.000, 1718
1449023652.564,0.09,2.21,-31.6700,0.0125,-0.0117,-1.0178,0.1604,0.2293,0.1561,0.0006,-0.0004,0.0004,-0.0010, -0.352, 90.000, 0.000, 1718
1449023652.587,0.11,2.20,-31.6900,0.0091,-0.0122,-1.0304,0.2209,0.2909,0.2160,0.0007,-0.0005,0.0005,-0.0012, -0.352, 90.000, 0.000, 1718
1449023652.607,0.12,2.19,-31.7000,0.0096,-0.0156,-1.0246,0.2817,0.4755,0.2143,0.0009,-0.0006,0.0006,-0.0014, -0.352, 90.000, 0.000, 1718
1449023652.624,0.13,2.18,-31.7100,0.0159,-0.0146,-1.0376,0.1586,0.5378,0.3357,0.0010,-0.0006,0.0007,-0.0016, -0.352, 90.000, 0.000, 1718
1449023652.648,0.15,2.17,-31.7200,0.0130,-0.0078,-1.0304,0.4643,0.5367,0.2737,0.0012,-0.0007,0.0009,-0.0019, -0.352, 90.000, 0.000, 1718
1449023652.666,0.16,2.17,-31.7300,0.0159,-0.0127,-1.0299,0.3427,0.5369,0.2135,0.0013,-0.0008,0.0011,-0.0022, -0.352, 90.000, 0.000, 1718
1449023652.684,0.16,2.16,-31.7500,0.0089,0.0010,-1.0451,0.0377,0.7224,0.1526,0.0015,-0.0009,0.0012,-0.0024, -0.352, 90.000, 0.000, 1718
1449023652.708,0.17,2.16,-31.7600,0.0134,-0.0058,-1.0363,0.3421,0.6603,0.2732,0.0017,-0.0009,0.0015,-0.0028, -0.352, 90.000, 0.000, 1718
1449023652.726,0.17,2.16,-31.7800,0.0188,0.0068,-1.0368,0.2804,0.7838,0.3332,0.0019,-0.0010,0.0017,-0.0031, -0.352, 90.000, 0.000, 1718
1449023652.744,0.17,2.16,-31.8100,0.0163,0.0151,-1.0345,0.5249,0.9062,0.2704,0.0022,-0.0011,0.0019,-0.0034, -0.352, 90.000, 0.000, 1718
1449023652.768,0.17,2.16,-31.8400,0.0134,0.0121,-1.0248,0.4037,1.0294,0.1485,0.0024,-0.0012,0.0023,-0.0038, -0.352, 90.000, 0.000, 1718
1449023652.785,0.17,2.17,-31.8800,0.0276,0.0185,-1.0272,0.3421,1.0297,0.2095,0.0026,-0.0012,0.0025,-0.0041, -0.352, 90.000, 0.000, 1718
1449023652.804,0.17,2.18,-31.9100,0.0153,0.0213,-1.0201,0.4641,1.1526,0.2079,0.0029,-0.0013,0.0028,-0.0044, -0.352, 90.000, 0.000, 1718
1449023652.828,0.15,2.19,-31.9300,0.0256,0.0257,-1.0258,0.2813,1.2145,0.1475,0.0032,-0.0014,0.0032,-0.0049, -0.352, 90.000, 0.000, 1718
1449023652.846,0.14,2.21,-31.9600,0.0211,0.0355,-1.0202,0.3429,1.1526,0.0871,0.0035,-0.0015,0.0036,-0.0053, -0.352, 90.000, 0.000, 1718
1449023652.864,0.13,2.22,-31.9800,0.0212,0.0262,-1.0079,0.4647,1.0292,0.1482,0.0038,-0.0016,0.0039,-0.0057, -0.352, 90.000, 0.000, 1718
1449023652.887,0.11,2.23,-32.0000,0.0226,0.0388,-1.0110,0.2204,1.1531,0.1483,0.0042,-0.0017,0.0044,-0.0063, -0.352, 90.000, 0.000, 1718
1449023652.906,0.09,2.25,-32.0200,0.0339,0.0339,-1.0040,0.3435,1.0908,0.0268,0.0045,-0.0018,0.0048,-0.0067, -0.352, 90.000, 0.000, 1718
1449023652.924,0.08,2.26,-32.0500,0.0310,0.0339,-0.9958,0.2204,1.0915,0.1488,0.0049,-0.0019,0.0052,-0.0072, -0.352, 90.000, 0.000, 1718
1449023652.935,0.07,2.27,-32.0600,0.0315,0.0373,-0.9992,0.3436,0.9676,0.0278,0.0053,-0.0021,0.0055,-0.0075, -0.352, 90.000, 0.000, 1718
1449023652.959,0.05,2.29,-32.1100,0.0310,0.0325,-1.0050,0.2216,0.9063,0.0289,0.0057,-0.0022,0.0061,-0.0083, -0.352, 90.000, 0.000, 1718
1449023652.977,0.04,2.30,-32.1600,0.0305,0.0378,-0.9944,0.4031,0.7217,0.2724,0.0061,-0.0024,0.0066,-0.0088, -0.352, 90.000, 0.000, 1718
1449023652.996,0.02,2.31,-32.2000,0.0306,0.0309,-0.9861,0.3430,0.7215,0.1513,0.0066,-0.0025,0.0070,-0.0095, -0.352, 90.000, 0.000, 1718
1449023653.019,0.01,2.32,-32.2400,0.0349,0.0296,-1.0069,0.0371,0.8458,0.2123,0.0070,-0.0027,0.0077,-0.0103, -0.352, 90.000, 0.000, 1718
1449023653.037,-0.00,2.33,-32.2700,0.0331,0.0295,-0.9865,0.2215,0.5369,0.0926,0.0075,-0.0029,0.0082,-0.0110, -0.352, 90.000, 0.000, 1718
1449023653.055,-0.01,2.34,-32.3100,0.0291,0.0217,-0.9942,0.1591,0.5376,0.2750,0.0081,-0.0032,0.0088,-0.0118, -0.352, 90.000, 0.000, 1718
1449023653.079,-0.02,2.34,-32.3500,0.0247,0.0242,-0.9992,0.2202,0.4758,0.2752,0.0086,-0.0034,0.0095,-0.0128, -0.352, 90.000, 0.000, 1718
1449023653.097,-0.02,2.34,-32.3700,0.0219,0.0052,-0.9903,0.1584,0.2916,0.3985,0.0092,-0.0037,0.0101,-0.0137, -0.352, 90.000, 0.000, 1718
1449023653.116,-0.02,2.33,-32.3900,0.0252,0.0106,-1.0019,-0.0849,0.2919,0.2781,0.0098,-0.0039,0.0107,-0.0146, -0.352, 90.000, 0.000, 1718
1449023653.139,-0.02,2.33,-32.4200,0.0228,0.0042,-0.9961,0.1586,0.1068,0.4000,0.0104,-0.0042,0.0116,-0.0158, -0.352, 90.000, 0.000, 1718
1449023653.158,-0.02,2.32,-32.4400,0.0169,0.0028,-1.0087,0.1601,0.0446,0.2183,0.0111,-0.0045,0.0122,-0.0168, -0.352, 90.000, 0.000, 1718
1449023653.175,-0.01,2.31,-32.4600,0.0248,0.0009,-1.0125,0.2211,0.1061,0.2175,0.0118,-0.0049,0.0129,-0.0179, -0.352, 90.000, 0.000, 1718
1449023653.199,0.00,2.30,-32.4900,0.0165,-0.0118,-1.0105,0.0984,0.1682,0.2783,0.0125,-0.0052,0.0138,-0.0193, -0.352, 90.000, 0.000, 1718
1449023653.218,0.01,2.29,-32.5200,0.0174,-0.0035,-1.0154,0.0385,0.0448,0.1581,0.0132,-0.0056,0.0145,-0.0205, -0.352, 90.000, 0.000, 1718
1449023653.235,0.03,2.27,-32.5600,0.0111,-0.0156,-1.0207,0.2205,0.1678,0.2778,0.0140,-0.0059,0.0153,-0.0217, -0.352, 90.000, 0.000, 1718
1449023653.260,0.04,2.26,-32.6000,0.0135,-0.0166,-1.0245,0.2812,0.4757,0.2750,0.0148,-0.0063,0.0163,-0.0234, -0.352, 90.000, 0.000, 1718
1449023653.277,0.06,2.25,-32.6700,0.0154,0.0009,-1.0213,0.0993,0.2294,0.1564,0.0156,-0.0067,0.0171,-0.0247, -0.352, 90.000, 0.000, 1718
1449023653.295,0.07,2.24,-32.7200,0.0111,-0.0205,-1.0279,0.4011,0.3530,0.5790,0.0164,-0.0071,0.0180,-0.0260, -0.352, 90.000, 0.000, 1718
1449023653.320,0.09,2.23,-32.7400,0.0144,-0.0054,-1.0329,0.2823,0.3521,0.1545,0.0173,-0.0075,0.0191,-0.0279, -0.352, 90.000, 0.000, 1718
1449023653.337,0.10,2.21,-32.7600,0.0081,-0.0122,-1.0256,0.2818,0.4139,0.2148,0.0182,-0.0080,0.0200,-0.0293, -0.352, 90.000, 0.000, 1718
1449023653.356,0.11,2.20,-32.7800,0.0095,-0.0039,-1.0334,0.2215,0.5369,0.0926,0.0191,-0.0084,0.0209,-0.0308, -0.352, 90.000, 0.000, 1718
1449023653.379,0.12,2.19,-32.7900,0.0080,-0.0039,-1.0344,0.4032,0.5985,0.2734,0.0201,-0.0089,0.0222,-0.0329, -0.352, 90.000, 0.000, 1718
1449023653.398,0.13,2.19,-32.8000,0.0124,-0.0078,-1.0406,0.3431,0.5983,0.1523,0.0211,-0.0093,0.0231,-0.0345, -0.352, 90.000, 0.000, 1718
1449023653.415,0.14,2.18,-32.8300,0.0143,0.0025,-1.0436,0.1584,0.7226,0.3342,0.0221,-0.0098,0.0241,-0.0361, -0.352, 90.000, 0.000, 1718
1449023653.440,0.15,2.18,-32.8600,0.0105,-0.0044,-1.0276,0.5245,0.9063,0.3311,0.0231,-0.0103,0.0255,-0.0383, -0.352, 90.000, 0.000, 1718
1449023653.458,0.15,2.18,-32.9000,0.0158,0.0088,-1.0345,0.3431,0.9678,0.0886,0.0242,-0.0108,0.0266,-0.0400, -0.352, 90.000, 0.000, 1718
1449023653.476,0.16,2.18,-32.9700,0.0090,0.0107,-1.0273,0.4647,1.0292,0.1482,0.0253,-0.0113,0.0277,-0.0417, -0.352, 90.000, 0.000, 1718
1449023653.499,0.16,2.19,-33.0400,0.0153,0.0107,-1.0277,0.3412,1.0301,0.3309,0.0264,-0.0118,0.0292,-0.0441, -0.352, 90.000, 0.000, 1718
1449023653.518,0.16,2.20,-33.0900,0.0172,0.0311,-1.0279,0.4652,0.9674,0.0880,0.0276,-0.0123,0.0303,-0.0459, -0.352, 90.000, 0.000, 1718
1449023653.535,0.15,2.20,-33.1800,0.0197,0.0257,-1.0191,0.4645,1.2140,0.1467,0.0287,-0.0128,0.0315,-0.0478, -0.352, 90.000, 0.000, 1718
1449023653.559,0.15,2.21,-33.2500,0.0261,0.0311,-1.0210,0.2816,0.9681,0.1495,0.0299,-0.0134,0.0331,-0.0504, -0.352, 90.000, 0.000, 1718
1449023653.577,0.14,2.23,-33.2900,0.0231,0.0339,-1.0090,0.5258,1.0290,0.1480,0.0311,-0.0139,0.0344,-0.0523, -0.352, 90.000, 0.000, 1718
1449023653.595,0.13,2.24,-33.3200,0.0222,0.0305,-1.0080,0.4035,1.1526,0.1475,0.0324,-0.0145,0.0356,-0.0543, -0.352, 90.000, 0.000, 1718
1449023653.619,0.12,2.25,-33.3600,0.0256,0.0354,-1.0046,0.2201,0.9685,0.2105,0.0337,-0.0151,0.0374,-0.0571, -0.352, 90.000, 0.000, 1718
1449023653.637,0.10,2.26,-33.4200,0.0276,0.0373,-1.0061,0.3417,0.9683,0.2707,0.0350,-0.0157,0.0387,-0.0592, -0.352, 90.000, 0.000, 1718
1449023653.655,0.08,2.28,-33.4900,0.0320,0.0397,-0.9959,0.2204,1.0915,0.1488,0.0363,-0.0163,0.0400,-0.0613, -0.352, 90.000, 0.000, 1718
1449023653.680,0.06,2.29,-33.5600,0.0271,0.0358,-0.9954,0.3422,0.9681,0.2100,0.0377,-0.0170,0.0418,-0.0643, -0.352, 90.000, 0.000, 1718
1449023653.697,0.05,2.30,-33.6000,0.0261,0.0233,-1.0180,0.3426,1.0295,0.1488,0.0391,-0.0177,0.0432,-0.0665, -0.352, 90.000, 0.000, 1718
1449023653.716,0.04,2.32,-33.6300,0.0265,0.0359,-1.0162,0.2815,1.0913,0.1485,0.0405,-0.0183,0.0446,-0.0689, -0.352, 90.000, 0.000, 1718
1449023653.739,0.02,2.33,-33.6600,0.0207,0.0277,-1.0162,0.3425,1.0911,0.1483,0.0420,-0.0190,0.0466,-0.0721, -0.352, 90.000, 0.000, 1718
1449023653.758,0.01,2.34,-33.6900,0.0265,0.0417,-1.0119,0.2200,1.0301,0.2100,0.0435,-0.0198,0.0480,-0.0745, -0.352, 90.000, 0.000, 1718
1449023653.775,-0.00,2.36,-33.7100,0.0266,0.0290,-0.9997,0.3417,1.0299,0.2702,0.0450,-0.0205,0.0495,-0.0771, -0.352, 90.000, 0.000, 1718
1449023653.800,-0.02,2.37,-33.7400,0.0300,0.0354,-1.0079,0.1590,0.9686,0.2108,0.0466,-0.0213,0.0515,-0.0805, -0.352, 90.000, 0.000, 1718
1449023653.818,-0.03,2.38,-33.7700,0.0188,0.0358,-0.9950,0.2818,0.7833,0.1510,0.0482,-0.0221,0.0531,-0.0832, -0.352, 90.000, 0.000, 1718
1449023653.836,-0.05,2.39,-33.8100,0.0271,0.0363,-0.9968,0.2202,0.9069,0.2110,0.0498,-0.0229,0.0546,-0.0859, -0.352, 90.000, 0.000, 1718
1449023653.859,-0.07,2.40,-33.8500,0.0305,0.0403,-1.0046,0.2212,0.8449,0.0901,0.0515,-0.0238,0.0567,-0.0896, -0.352, 90.000, 0.000, 1718
1449023653.877,-0.08,2.41,-33.9000,0.0271,0.0305,-0.9915,0.3430,0.7215,0.1513,0.0532,-0.0247,0.0583,-0.0925, -0.352, 90.000, 0.000, 1718
1449023653.895,-0.09,2.42,-33.9400,0.0311,0.0266,-0.9996,0.0367,0.7228,0.2741,0.0549,-0.0256,0.0600,-0.0954, -0.352, 90.000, 0.000, 1718
1449023653.920,-0.10,2.42,-34.0200,0.0282,0.0246,-0.9928,0.1590,0.5992,0.2745,0.0567,-0.0265,0.0622,-0.0995, -0.352, 90.000, 0.000, 1718
1449023653.937,-0.11,2.42,-34.0700,0.0228,0.0174,-0.9991,0.0982,0.3530,0.2768,0.0585,-0.0275,0.0638,-0.1026, -0.352, 90.000, 0.000, 1718
1449023653.955,-0.11,2.42,-34.1100,0.0258,0.0159,-0.9899,0.0982,0.3530,0.2768,0.0603,-0.0285,0.0655,-0.1057, -0.352, 90.000, 0.000, 1718
1449023653.979,-0.11,2.42,-34.1400,0.0268,0.0056,-0.9830,0.1593,0.2912,0.2770,0.0622,-0.0295,0.0678,-0.1101, -0.352, 90.000, 0.000, 1718
1449023653.997,-0.11,2.42,-34.1800,0.0238,0.0120,-1.0015,0.0987,0.3528,0.2161,0.0641,-0.0306,0.0695,-0.1134, -0.352, 90.000, 0.000, 1718
1449023654.016,-0.10,2.41,-34.2100,0.0184,-0.0021,-1.0019,0.2211,0.1061,0.2175,0.0660,-0.0316,0.0713,-0.1169, -0.352, 90.000, 0.000, 1718
1449023654.040,-0.10,2.40,-34.2400,0.0223,-0.0006,-1.0043,0.0988,0.2912,0.2166,0.0680,-0.0328,0.0736,-0.1215, -0.352, 90.000, 0.000, 1718
1449023654.058,-0.08,2.39,-34.2700,0.0184,-0.0030,-1.0086,0.1600,0.1062,0.2178,0.0700,-0.0339,0.0754,-0.1251, -0.352, 90.000, 0.000, 1718
1449023654.076,-0.07,2.38,-34.3000,0.0165,-0.0084,-1.0101,0.1585,0.2300,0.3990,0.0721,-0.0351,0.0773,-0.1288, -0.352, 90.000, 0.000, 1718
1449023654.099,-0.06,2.36,-34.3300,0.0154,-0.0069,-1.0222,-0.0237,0.2301,0.2783,0.0742,-0.0362,0.0797,-0.1338, -0.352, 90.000, 0.000, 1718
1449023654.117,-0.05,2.35,-34.3400,0.0092,-0.0132,-1.0067,0.2204,0.2910,0.2768,0.0763,-0.0374,0.0816,-0.1376, -0.352, 90.000, 0.000, 1718
1449023654.136,-0.03,2.34,-34.3500,0.0199,-0.0122,-1.0260,0.2201,0.1680,0.3385,0.0785,-0.0387,0.0835,-0.1414, -0.352, 90.000, 0.000, 1718
1449023654.159,-0.02,2.32,-34.3600,0.0101,-0.0161,-1.0294,0.2824,0.2905,0.1550,0.0807,-0.0399,0.0861,-0.1467, -0.352, 90.000, 0.000, 1718
1449023654.178,-0.00,2.31,-34.3800,0.0091,-0.0137,-1.0222,0.3433,0.4135,0.1538,0.0829,-0.0412,0.0880,-0.1507, -0.352, 90.000, 0.000, 1718
1449023654.196,0.01,2.29,-34.3900,0.0115,-0.0063,-1.0348,0.0981,0.4762,0.2758,0.0852,-0.0425,0.0900,-0.1548, -0.352, 90.000, 0.000, 1718
1449023654.220,0.03,2.28,-34.4000,0.0095,-0.0155,-1.0386,0.4640,0.4137,0.3354,0.0875,-0.0438,0.0927,-0.1604, -0.352, 90.000, 0.000, 1718
1449023654.237,0.04,2.27,-34.4200,0.0080,-0.0024,-1.0427,0.2201,0.5374,0.2747,0.0898,-0.0451,0.0948,-0.1646, -0.352, 90.000, 0.000, 1718
1449023654.255,0.05,2.26,-34.4500,0.0085,-0.0010,-1.0267,0.4028,0.5371,0.3347,0.0922,-0.0465,0.0968,-0.1689, -0.352, 90.000, 0.000, 1718
1449023654.280,0.06,2.25,-34.4800,0.0070,-0.0024,-1.0403,0.2823,0.7831,0.0903,0.0946,-0.0479,0.0997,-0.1747, -0.352, 90.000, 0.000, 1718
1449023654.297,0.07,2.25,-34.5200,0.0109,0.0073,-1.0330,0.3438,0.7828,0.0293,0.0970,-0.0492,0.1018,-0.1791, -0.352, 90.000, 0.000, 1718
1449023654.316,0.07,2.25,-34.5600,0.0178,0.0039,-1.0349,0.5260,0.8442,0.1495,0.0995,-0.0506,0.1040,-0.1836, -0.352, 90.000, 0.000, 1718
1449023654.339,0.08,2.25,-34.6100,0.0104,0.0112,-1.0316,0.2811,0.9683,0.2103,0.1019,-0.0520,0.1069,-0.1896, -0.352, 90.000, 0.000, 1718
1449023654.357,0.08,2.26,-34.7400,0.0168,0.0131,-1.0166,0.3421,1.0913,0.2090,0.1045,-0.0535,0.1091,-0.1942, -0.352, 90.000, 0.000, 1718
1449023654.375,0.08,2.26,-34.8600,0.0178,0.0189,-1.0239,0.3426,1.0295,0.1488,0.1070,-0.0549,0.1114,-0.1989, -0.352, 90.000, 0.000, 1718
1449023654.399,0.07,2.27,-34.9100,0.0222,0.0277,-1.0186,0.2824,1.1526,0.0266,0.1096,-0.0563,0.1144,-0.2052, -0.352, 90.000, 0.000, 1718
1449023654.417,0.06,2.29,-34.9600,0.0241,0.0252,-1.0210,0.4642,1.0910,0.2084,0.1122,-0.0578,0.1167,-0.2100, -0.352, 90.000, 0.000, 1718
1449023654.435,0.05,2.30,-34.9900,0.0241,0.0364,-1.0226,0.2809,1.1531,0.2088,0.1148,-0.0593,0.1190,-0.2148, -0.352, 90.000, 0.000, 1718
1449023654.459,0.03,2.31,-35.0100,0.0232,0.0325,-1.0027,0.4026,1.1529,0.2689,0.1174,-0.0608,0.1221,-0.2214, -0.352, 90.000, 0.000, 1718
1449023654.478,0.02,2.33,-35.0300,0.0275,0.0379,-1.0182,0.1594,1.0917,0.1491,0.1201,-0.0623,0.1245,-0.2264, -0.352, 90.000, 0.000, 1718
1449023654.495,0.00,2.34,-35.0600,0.0310,0.0325,-1.0016,0.3427,0.9679,0.1493,0.1228,-0.0638,0.1269,-0.2315, -0.352, 90.000, 0.000, 1718
1449023654.519,-0.01,2.36,-35.0800,0.0281,0.0339,-0.9983,0.2806,1.0301,0.2705,0.1255,-0.0653,0.1301,-0.2383, -0.352, 90.000, 0.000, 1718
1449023654.537,-0.03,2.37,-35.1100,0.0281,0.0407,-0.9935,0.3438,0.8444,0.0288,0.1282,-0.0669,0.1326,-0.2435, -0.352, 90.000, 0.000, 1718
1449023654.555,-0.04,2.38,-35.1300,0.0296,0.0256,-0.9923,0.2197,0.9070,0.2717,0.1310,-0.0685,0.1350,-0.2488, -0.352, 90.000, 0.000, 1718
1449023654.580,-0.06,2.39,-35.1700,0.0315,0.0335,-1.0065,0.2214,0.6601,0.0916,0.1338,-0.0701,0.1384,-0.2559, -0.352, 90.000, 0.000, 1718
1449023654.597,-0.07,2.40,-35.2000,0.0222,0.0271,-0.9949,0.2218,0.7215,0.0304,0.1366,-0.0717,0.1409,-0.2613, -0.352, 90.000, 0.000, 1718
1449023654.616,-0.08,2.41,-35.2400,0.0301,0.0300,-0.9934,-0.0248,0.7231,0.3350,0.1394,-0.0734,0.1435,-0.2670, -0.352, 90.000, 0.000, 1718
1449023654.640,-0.10,2.41,-35.2800,0.0311,0.0285,-0.9909,0.3429,0.3521,0.2150,0.1423,-0.0751,0.1469,-0.2743, -0.352, 90.000, 0.000, 1718
1449023654.658,-0.10,2.41,-35.3200,0.0321,0.0183,-0.9961,0.0975,0.5380,0.3360,0.1451,-0.0768,0.1494,-0.2799, -0.352, 90.000, 0.000, 1718
1449023654.676,-0.11,2.41,-35.3700,0.0257,0.0183,-0.9909,-0.0230,0.4146,0.1554,0.1481,-0.0786,0.1521,-0.2857, -0.352, 90.000, 0.000, 1718
1449023654.699,-0.11,2.41,-35.4000,0.0253,0.0047,-0.9917,0.2213,0.2907,0.1553,0.1510,-0.0804,0.1556,-0.2934, -0.352, 90.000, 0.000, 1718
1449023654.718,-0.10,2.40,-35.4300,0.0208,0.0014,-1.0111,-0.0848,0.2303,0.2786,0.1540,-0.0822,0.1582,-0.2993, -0.352, 90.000, 0.000, 1718
1449023654.736,-0.10,2.39,-35.4600,0.0189,-0.0006,-0.9961,0.1595,0.1680,0.2780,0.1569,-0.0840,0.1609,-0.3053, -0.352, 90.000, 0.000, 1718
1449023654.760,-0.09,2.38,-35.4800,0.0219,-0.0059,-1.0076,0.0371,0.0453,0.3403,0.1599,-0.0858,0.1645,-0.3134, -0.352, 90.000, 0.000, 1718
1449023654.778,-0.08,2.37,-35.5200,0.0228,-0.0059,-1.0144,0.1599,0.2294,0.2168,0.1630,-0.0877,0.1673,-0.3196, -0.352, 90.000, 0.000, 1718
1449023654.796,-0.06,2.36,-35.5500,0.0126,-0.0176,-1.0124,0.1594,0.2296,0.2775,0.1660,-0.0896,0.1700,-0.3259, -0.352, 90.000, 0.000, 1718
1449023654.819,-0.05,2.34,-35.5800,0.0189,-0.0044,-1.0207,0.0981,0.0452,0.3400,0.1691,-0.0915,0.1737,-0.3343, -0.352, 90.000, 0.000, 1718
1449023654.837,-0.04,2.33,-35.6100,0.0145,-0.0156,-1.0255,0.2203,0.3526,0.2763,0.1722,-0.0934,0.1766,-0.3407, -0.352, 90.000, 0.000, 1718
1449023654.856,-0.02,2.32,-35.6300,0.0164,-0.0122,-1.0294,0.0364,0.2303,0.3995,0.1753,-0.0954,0.1794,-0.3471, -0.352, 90.000, 0.000, 1718
1449023654.880,-0.01,2.30,-35.6500,0.0130,-0.0093,-1.0285,0.2203,0.3526,0.2763,0.1785,-0.0973,0.1832,-0.3558, -0.352, 90.000, 0.000, 1718
1449023654.897,0.01,2.29,-35.6800,0.0184,-0.0151,-1.0332,0.2813,0.4141,0.2755,0.1816,-0.0993,0.1861,-0.3624, -0.352, 90.000, 0.000, 1718
1449023654.915,0.02,2.28,-35.7000,0.0114,0.0000,-1.0364,0.4033,0.4753,0.2744,0.1848,-0.1013,0.1890,-0.3691, -0.352, 90.000, 0.000, 1718
1449023654.940,0.04,2.27,-35.7300,0.0120,-0.0141,-1.0231,0.4648,0.5366,0.2130,0.1880,-0.1032,0.1930,-0.3781, -0.352, 90.000, 0.000, 1718
1449023654.957,0.05,2.26,-35.7500,0.0095,-0.0039,-1.0392,0.3413,0.5374,0.3956,0.1912,-0.1052,0.1960,-0.3850, -0.352, 90.000, 0.000, 1718
1449023654.975,0.06,2.26,-35.7900,0.0120,-0.0020,-1.0305,0.4036,0.6599,0.2122,0.1944,-0.1072,0.1991,-0.3919, -0.352, 90.000, 0.000, 1718
1449023655.000,0.07,2.25,-35.8200,0.0104,-0.0009,-1.0417,0.4029,0.8449,0.2714,0.1977,-0.1092,0.2031,-0.4011, -0.352, 90.000, 0.000, 1718
1449023655.017,0.08,2.25,-35.8500,0.0124,0.0102,-1.0258,0.4640,0.7831,0.2717,0.2009,-0.1112,0.2062,-0.4081, -0.352, 90.000, 0.000, 1718
1449023655.036,0.09,2.25,-35.8900,0.0134,0.0044,-1.0325,0.4035,0.7215,0.2117,0.2042,-0.1132,0.2094,-0.4152, -0.352, 90.000, 0.000, 1718
1449023655.059,0.09,2.26,-35.9200,0.0173,0.0156,-1.0316,0.2811,1.0299,0.2098,0.2075,-0.1152,0.2136,-0.4248, -0.352, 90.000, 0.000, 1718
1449023655.077,0.09,2.26,-35.9500,0.0149,0.0155,-1.0186,0.4051,1.0288,-0.0336,0.2108,-0.1171,0.2168,-0.4320, -0.352, 90.000, 0.000, 1718
1449023655.096,0.08,2.27,-36.0500,0.0197,0.0243,-1.0297,0.3436,0.9676,0.0278,0.2141,-0.1191,0.2200,-0.4393, -0.352, 90.000, 0.000, 1718
1449023655.120,0.08,2.28,-36.1400,0.0236,0.0262,-1.0181,0.3414,1.2147,0.2687,0.2174,-0.1211,0.2243,-0.4491, -0.352, 90.000, 0.000, 1718
1449023655.137,0.07,2.29,-36.2400,0.0222,0.0247,-1.0191,0.5248,1.0294,0.2694,0.2207,-0.1231,0.2276,-0.4565, -0.352, 90.000, 0.000, 1718
1449023655.155,0.06,2.30,-36.2800,0.0236,0.0345,-1.0177,0.4035,1.1526,0.1475,0.2240,-0.1251,0.2309,-0.4640, -0.352, 90.000, 0.000, 1718
1449023655.180,0.05,2.32,-36.3100,0.0296,0.0291,-1.0055,0.4035,1.1526,0.1475,0.2273,-0.1271,0.2353,-0.4741, -0.352, 90.000, 0.000, 1718
1449023655.197,0.03,2.33,-36.3400,0.0251,0.0354,-1.0148,0.2815,1.0297,0.1490,0.2307,-0.1291,0.2386,-0.4817, -0.352, 90.000, 0.000, 1718
1449023655.215,0.02,2.34,-36.3600,0.0242,0.0339,-0.9925,0.3425,1.1527,0.1478,0.2340,-0.1311,0.2420,-0.4895, -0.352, 90.000, 0.000, 1718
1449023655.239,0.00,2.36,-36.3800,0.0281,0.0349,-1.0017,0.2806,1.0301,0.2705,0.2374,-0.1331,0.2465,-0.4998, -0.352, 90.000, 0.000, 1718
1449023655.257,-0.02,2.37,-36.4100,0.0330,0.0354,-1.0002,0.2202,0.9069,0.2110,0.2408,-0.1352,0.2499,-0.5077, -0.352, 90.000, 0.000, 1718
1449023655.276,-0.03,2.39,-36.4400,0.0306,0.0271,-0.9933,0.2213,0.7833,0.0906,0.2441,-0.1372,0.2534,-0.5156, -0.352, 90.000, 0.000, 1718
1449023655.299,-0.04,2.39,-36.4700,0.0325,0.0349,-0.9905,0.1598,0.7221,0.1521,0.2475,-0.1393,0.2580,-0.5263, -0.352, 90.000, 0.000, 1718
1449023655.318,-0.05,2.41,-36.5000,0.0331,0.0217,-0.9840,0.1603,0.6603,0.0919,0.2509,-0.1414,0.2615,-0.5344, -0.352, 90.000, 0.000, 1718
1449023655.336,-0.07,2.41,-36.5700,0.0266,0.0266,-1.0001,-0.0228,0.6608,0.0927,0.2544,-0.1435,0.2650,-0.5426, -0.352, 90.000, 0.000, 1718
1449023655.359,-0.07,2.41,-36.6200,0.0253,0.0169,-0.9904,0.4038,0.4751,0.2137,0.2578,-0.1456,0.2697,-0.5536, -0.352, 90.000, 0.000, 1718
1449023655.377,-0.08,2.42,-36.6500,0.0272,0.0154,-0.9971,-0.0239,0.3533,0.2773,0.2613,-0.1477,0.2733,-0.5619, -0.352, 90.000, 0.000, 1718
1449023655.395,-0.08,2.42,-36.6900,0.0257,0.0130,-0.9952,0.0356,0.4769,0.4582,0.2647,-0.1499,0.2769,-0.5703, -0.352, 90.000, 0.000, 1718
1449023655.420,-0.08,2.41,-36.7300,0.0204,0.0037,-0.9893,0.2210,0.1677,0.2170,0.2682,-0.1520,0.2817,-0.5817, -0.352, 90.000, 0.000, 1718
1449023655.437,-0.07,2.41,-36.7700,0.0243,0.0057,-1.0111,0.1589,0.2914,0.3377,0.2717,-0.1542,0.2853,-0.5903, -0.352, 90.000, 0.000, 1718
1449023655.455,-0.06,2.40,-36.7900,0.0199,-0.0060,-1.0047,0.1590,0.1682,0.3387,0.2752,-0.1564,0.2890,-0.5990, -0.352, 90.000, 0.000, 1718
1449023655.480,-0.05,2.39,-36.8100,0.0159,-0.0083,-1.0217,0.0980,0.1684,0.3390,0.2787,-0.1586,0.2939,-0.6107, -0.352, 90.000, 0.000, 1718
1449023655.498,-0.04,2.37,-36.8300,0.0180,-0.0079,-1.0071,0.1590,0.1682,0.3387,0.2822,-0.1608,0.2976,-0.6195, -0.352, 90.000, 0.000, 1718
1449023655.515,-0.03,2.36,-36.8600,0.0136,-0.0176,-1.0134,0.1593,0.2912,0.2770,0.2858,-0.1631,0.3014,-0.6284, -0.352, 90.000, 0.000, 1718
1449023655.534,-0.01,2.35,-36.8800,0.0139,-0.0107,-1.0338,0.0984,0.2298,0.2778,0.2893,-0.1653,0.3052,-0.6376, -0.352, 90.000, 0.000, 1718
1449023655.557,0.00,2.33,-36.9000,0.0164,-0.0122,-1.0231,0.3412,0.1680,0.4594,0.2929,-0.1676,0.3102,-0.6495, -0.352, 90.000, 0.000, 1718
1449023655.576,0.02,2.32,-36.9200,0.0115,-0.0136,-1.0343,0.2199,0.2912,0.3375,0.2965,-0.1698,0.3141,-0.6587, -0.352, 90.000, 0.000, 1718
1449023655.600,0.03,2.31,-36.9400,0.0130,-0.0132,-1.0285,0.2829,0.2903,0.0943,0.3001,-0.1721,0.3192,-0.6710, -0.352, 90.000, 0.000, 1718
1449023655.617,0.05,2.30,-36.9700,0.0085,-0.0131,-1.0392,0.3432,0.4751,0.1533,0.3037,-0.1743,0.3231,-0.6802, -0.352, 90.000, 0.000, 1718
1449023655.635,0.06,2.28,-37.0000,0.0114,-0.0029,-1.0460,0.2201,0.5374,0.2747,0.3073,-0.1766,0.3270,-0.6896, -0.352, 90.000, 0.000, 1718
1449023655.660,0.07,2.27,-37.0300,0.0135,-0.0132,-1.0197,0.2825,0.1673,0.1561,0.3109,-0.1788,0.3323,-0.7022, -0.352, 90.000, 0.000, 1718
1449023655.677,0.09,2.26,-37.0700,0.0135,-0.0127,-1.0328,0.1591,0.1066,0.3392,0.3146,-0.1811,0.3363,-0.7117, -0.352, 90.000, 0.000, 1718
1449023655.695,0.10,2.24,-37.1100,0.0081,-0.0132,-1.0275,0.2205,0.1678,0.2778,0.3182,-0.1833,0.3403,-0.7213, -0.352, 90.000, 0.000, 1718
1449023655.714,0.11,2.23,-37.1300,0.0120,-0.0166,-1.0294,0.0982,0.3530,0.2768,0.3218,-0.1856,0.3445,-0.7312, -0.352, 90.000, 0.000, 1718
1449023655.737,0.13,2.22,-37.1600,0.0085,-0.0088,-1.0334,0.2203,0.3526,0.2763,0.3255,-0.1878,0.3498,-0.7439, -0.352, 90.000, 0.000, 1718
1449023655.755,0.14,2.21,-37.1700,0.0076,-0.0112,-1.0339,0.2822,0.4753,0.1535,0.3291,-0.1900,0.3539,-0.7537, -0.352, 90.000, 0.000, 1718
1449023655.774,0.15,2.20,-37.1800,0.0124,-0.0024,-1.0455,0.2808,0.4758,0.3357,0.3328,-0.1922,0.3582,-0.7638, -0.352, 90.000, 0.000, 1718
1449023655.798,0.16,2.19,-37.2000,0.0115,-0.0044,-1.0363,0.4035,0.7831,0.2112,0.3364,-0.1944,0.3637,-0.7767, -0.352, 90.000, 0.000, 1718
1449023655.815,0.17,2.19,-37.2200,0.0114,-0.0004,-1.0456,0.2213,0.7833,0.0906,0.3401,-0.1966,0.3679,-0.7866, -0.352, 90.000, 0.000, 1718
1449023655.834,0.17,2.18,-37.2300,0.0134,0.0020,-1.0368,0.4031,0.6601,0.2729,0.3437,-0.1987,0.3723,-0.7968, -0.352, 90.000, 0.000, 1718
1449023655.858,0.18,2.18,-37.2600,0.0129,0.0073,-1.0403,0.3421,1.0297,0.2095,0.3474,-0.2009,0.3779,-0.8100, -0.352, 90.000, 0.000, 1718
1449023655.875,0.17,2.19,-37.3000,0.0158,0.0131,-1.0364,0.2202,0.8453,0.2115,0.3510,-0.2030,0.3822,-0.8201, -0.352, 90.000, 0.000, 1718
1449023655.894,0.17,2.19,-37.3300,0.0104,0.0194,-1.0201,0.4037,1.0294,0.1485,0.3547,-0.2051,0.3867,-0.8306, -0.352, 90.000, 0.000, 1718
1449023655.917,0.16,2.20,-37.3500,0.0216,0.0253,-1.0297,0.2810,1.0915,0.2093,0.3584,-0.2072,0.3925,-0.8439, -0.352, 90.000, 0.000, 1718
1449023655.935,0.15,2.22,-37.3800,0.0222,0.0325,-1.0124,0.3421,1.0297,0.2095,0.3620,-0.2093,0.3969,-0.8542, -0.352, 90.000, 0.000, 1718
1449023655.954,0.14,2.23,-37.4100,0.0246,0.0262,-1.0190,0.2811,1.0299,0.2098,0.3657,-0.2114,0.4014,-0.8648, -0.352, 90.000, 0.000, 1718
1449023655.977,0.12,2.24,-37.4300,0.0251,0.0364,-1.0153,0.4026,1.1529,0.2689,0.3693,-0.2134,0.4073,-0.8785, -0.352, 90.000, 0.000, 1718
1449023655.996,0.11,2.25,-37.4600,0.0232,0.0281,-1.0046,0.3427,0.9679,0.1493,0.3730,-0.2155,0.4119,-0.8889, -0.352, 90.000, 0.000, 1718
1449023656.014,0.09,2.27,-37.5100,0.0270,0.0413,-1.0139,0.0991,1.2147,0.0269,0.3767,-0.2175,0.4165,-0.8997, -0.352, 90.000, 0.000, 1718
1449023656.037,0.07,2.28,-37.5400,0.0296,0.0397,-0.9823,0.3431,0.9678,0.0886,0.3803,-0.2195,0.4225,-0.9136, -0.352, 90.000, 0.000, 1718
1449023656.055,0.05,2.30,-37.6000,0.0339,0.0330,-1.0137,0.2820,1.0295,0.0883,0.3840,-0.2216,0.4271,-0.9243, -0.352, 90.000, 0.000, 1718
1449023656.074,0.04,2.31,-37.6500,0.0325,0.0402,-0.9930,0.0989,1.0301,0.0891,0.3876,-0.2236,0.4319,-0.9353, -0.352, 90.000, 0.000, 1718
1449023656.097,0.02,2.32,-37.6900,0.0301,0.0276,-1.0035,0.1598,0.7221,0.1521,0.3913,-0.2256,0.4379,-0.9495, -0.352, 90.000, 0.000, 1718
1449023656.115,0.01,2.33,-37.7300,0.0340,0.0309,-0.9870,0.1599,0.5989,0.1531,0.3950,-0.2276,0.4426,-0.9604, -0.352, 90.000, 0.000, 1718
1449023656.133,-0.00,2.34,-37.8100,0.0282,0.0198,-0.9938,0.2812,0.4757,0.2750,0.3986,-0.2296,0.4474,-0.9716, -0.352, 90.000, 0.000, 1718
1449023656.157,-0.01,2.35,-37.8600,0.0346,0.0236,-0.9840,0.0363,0.6613,0.3353,0.4023,-0.2317,0.4535,-0.9861, -0.352, 90.000, 0.000, 1718
1449023656.176,-0.02,2.35,-37.9300,0.0282,0.0188,-0.9933,0.0976,0.4764,0.3365,0.4060,-0.2337,0.4583,-0.9972, -0.352, 90.000, 0.000, 1718
1449023656.194,-0.02,2.35,-37.9600,0.0282,0.0120,-0.9917,0.0983,0.2914,0.2773,0.4097,-0.2357,0.4631,-1.0087, -0.352, 90.000, 0.000, 1718
1449023656.218,-0.02,2.35,-38.0000,0.0346,0.0096,-0.9994,0.1604,0.2293,0.1561,0.4134,-0.2378,0.4694,-1.0235, -0.352, 90.000, 0.000, 1718
1449023656.236,-0.02,2.35,-38.0300,0.0238,-0.0006,-0.9960,0.1610,0.1059,0.0964,0.4171,-0.2398,0.4742,-1.0349, -0.352, 90.000, 0.000, 1718
1449023656.254,-0.01,2.34,-38.0500,0.0233,0.0004,-1.0120,-0.0219,0.2911,0.0350,0.4208,-0.2418,0.4791,-1.0466, -0.352, 90.000, 0.000, 1718
1449023656.278,-0.01,2.33,-38.0700,0.0185,-0.0084,-0.9979,0.1595,0.1680,0.2780,0.4245,-0.2439,0.4854,-1.0618, -0.352, 90.000, 0.000, 1718
1449023656.296,0.00,2.32,-38.0800,0.0199,-0.0127,-1.0187,-0.0848,0.2303,0.2786,0.4282,-0.2459,0.4903,-1.0734, -0.352, 90.000, 0.000, 1718
1449023656.314,0.01,2.30,-38.0800,0.0184,-0.0064,-1.0164,0.1596,0.1064,0.2785,0.4319,-0.2480,0.4953,-1.0853, -0.352, 90.000, 0.000, 1718
1449023656.337,0.03,2.29,-38.1000,0.0135,-0.0176,-1.0192,0.2201,0.1680,0.3385,0.4357,-0.2501,0.5018,-1.1007, -0.352, 90.000, 0.000, 1718
1449023656.355,0.04,2.27,-38.1100,0.0115,-0.0137,-1.0260,0.2186,0.2301,0.5201,0.4394,-0.2521,0.5068,-1.1126, -0.352, 90.000, 0.000, 1718
1449023656.374,0.06,2.26,-38.1200,0.0091,-0.0190,-1.0246,0.4032,0.2291,0.3372,0.4432,-0.2542,0.5119,-1.1248, -0.352, 90.000, 0.000, 1718
1449023656.397,0.07,2.25,-38.1300,0.0095,-0.0073,-1.0329,0.0973,0.2917,0.3987,0.4470,-0.2562,0.5185,-1.1405, -0.352, 90.000, 0.000, 1718
1449023656.416,0.08,2.23,-38.1400,0.0041,-0.0088,-1.0359,0.2207,0.4141,0.2150,0.4507,-0.2583,0.5236,-1.1525, -0.352, 90.000, 0.000, 1718
1449023656.434,0.09,2.22,-38.1600,0.0125,-0.0117,-1.0338,0.3432,0.4751,0.1533,0.4545,-0.2603,0.5288,-1.1649, -0.352, 90.000, 0.000, 1718
1449023656.457,0.10,2.21,-38.1700,0.0080,-0.0009,-1.0441,0.2205,0.5989,0.2135,0.4583,-0.2623,0.5355,-1.1809, -0.352, 90.000, 0.000, 1718
1449023656.475,0.11,2.20,-38.1800,0.0027,-0.0059,-1.0282,0.4645,0.7830,0.2110,0.4620,-0.2644,0.5407,-1.1932, -0.352, 90.000, 0.000, 1718
1449023656.494,0.12,2.20,-38.2100,0.0163,0.0049,-1.0480,0.1599,0.6605,0.1526,0.4658,-0.2664,0.5460,-1.2057, -0.352, 90.000, 0.000, 1718
1449023656.517,0.12,2.20,-38.2600,0.0085,0.0092,-1.0297,0.5255,0.8444,0.2102,0.4696,-0.2684,0.5529,-1.2220, -0.352, 90.000, 0.000, 1718
1449023656.535,0.12,2.20,-38.2900,0.0182,0.0160,-1.0316,0.2807,0.9685,0.2710,0.4734,-0.2704,0.5582,-1.2344, -0.352, 90.000, 0.000, 1718
1449023656.554,0.12,2.20,-38.3200,0.0138,0.0199,-1.0293,0.4028,0.9065,0.2709,0.4772,-0.2723,0.5636,-1.2472, -0.352, 90.000, 0.000, 1718
1449023656.578,0.12,2.21,-38.3500,0.0197,0.0126,-1.0272,0.4651,1.0906,0.0870,0.4809,-0.2743,0.5706,-1.2638, -0.352, 90.000, 0.000, 1718
1449023656.595,0.11,2.22,-38.3700,0.0211,0.0301,-1.0240,0.2204,1.1531,0.1483,0.4847,-0.2763,0.5760,-1.2764, -0.352, 90.000, 0.000, 1718
1449023656.614,0.10,2.23,-38.3900,0.0212,0.0286,-1.0211,0.3438,1.2138,-0.0349,0.4885,-0.2782,0.5816,-1.2895, -0.352, 90.000, 0.000, 1718
1449023656.638,0.08,2.24,-38.4200,0.0246,0.0345,-1.0187,0.2204,1.0915,0.1488,0.4923,-0.2801,0.5887,-1.3064, -0.352, 90.000, 0.000, 1718
1449023656.655,0.06,2.26,-38.4700,0.0251,0.0413,-1.0124,0.4036,1.0910,0.1480,0.4961,-0.2821,0.5941,-1.3189, -0.352, 90.000, 0.000, 1718
1449023656.674,0.05,2.27,-38.5100,0.0276,0.0325,-1.0012,0.2199,1.1533,0.2090,0.4998,-0.2840,0.5997,-1.3322, -0.352, 90.000, 0.000, 1718
1449023656.698,0.03,2.29,-38.5300,0.0315,0.0393,-1.0065,0.2206,0.9067,0.1503,0.5036,-0.2859,0.6069,-1.3492, -0.352, 90.000, 0.000, 1718
1449023656.715,0.01,2.30,-38.5800,0.0281,0.0339,-0.9915,0.2806,1.0301,0.2705,0.5074,-0.2878,0.6124,-1.3623, -0.352, 90.000, 0.000, 1718
1449023656.733,-0.01,2.32,-38.6200,0.0359,0.0383,-1.0050,0.0978,0.7226,0.2738,0.5112,-0.2897,0.6181,-1.3756, -0.352, 90.000, 0.000, 1718
1449023656.757,-0.03,2.33,-38.6700,0.0296,0.0373,-0.9915,0.2198,0.8454,0.2722,0.5149,-0.2916,0.6254,-1.3931, -0.352, 90.000, 0.000, 1718
1449023656.775,-0.05,2.34,-38.7200,0.0291,0.0363,-0.9992,0.0992,0.7221,0.0916,0.5187,-0.2935,0.6310,-1.4064, -0.352, 90.000, 0.000, 1718
1449023656.794,-0.06,2.36,-38.7900,0.0291,0.0310,-0.9910,0.1603,0.6603,0.0919,0.5225,-0.2954,0.6367,-1.4200, -0.352, 90.000, 0.000, 1718
1449023656.817,-0.07,2.36,-38.8700,0.0272,0.0212,-0.9870,0.0983,0.6608,0.2136,0.5263,-0.2973,0.6441,-1.4377, -0.352, 90.000, 0.000, 1718
1449023656.835,-0.08,2.36,-38.9900,0.0291,0.0261,-0.9982,0.0975,0.5996,0.3355,0.5301,-0.2992,0.6497,-1.4512, -0.352, 90.000, 0.000, 1718
1449023656.854,-0.08,2.36,-39.1700,0.0248,0.0100,-0.9918,0.2813,0.4141,0.2755,0.5338,-0.3011,0.6554,-1.4651, -0.352, 90.000, 0.000, 1718
1449023656.878,-0.08,2.36,-39.3300,0.0267,0.0096,-0.9951,-0.0224,0.2912,0.0957,0.5376,-0.3031,0.6628,-1.4833, -0.352, 90.000, 0.000, 1718
1449023656.896,-0.08,2.36,-39.4200,0.0272,0.0086,-0.9961,0.1594,0.2296,0.2775,0.5414,-0.3050,0.6684,-1.4971, -0.352, 90.000, 0.000, 1718
1449023656.914,-0.07,2.35,-39.4900,0.0262,0.0014,-1.0067,0.0983,0.2914,0.2773,0.5452,-0.3069,0.6740,-1.5113, -0.352, 90.000, 0.000, 1718
1449023656.938,-0.07,2.34,-39.5500,0.0175,-0.0059,-1.0081,-0.0229,0.2914,0.1564,0.5490,-0.3089,0.6814,-1.5298, -0.352, 90.000, 0.000, 1718
1449023656.955,-0.06,2.33,-39.5800,0.0175,-0.0055,-1.0067,0.1599,0.2294,0.2168,0.5528,-0.3108,0.6870,-1.5439, -0.352, 90.000, 0.000, 1718
1449023656.974,-0.05,2.32,-39.6000,0.0204,-0.0064,-1.0202,0.1596,0.0448,0.2790,0.5567,-0.3128,0.6928,-1.5584, -0.352, 90.000, 0.000, 1718
1449023656.997,-0.03,2.31,-39.6200,0.0150,-0.0122,-1.0134,0.2201,0.1680,0.3385,0.5605,-0.3147,0.7003,-1.5771, -0.352, 90.000, 0.000, 1718
1449023657.015,-0.02,2.30,-39.6400,0.0145,-0.0171,-1.0240,0.0980,0.1068,0.3395,0.5643,-0.3167,0.7060,-1.5915, -0.352, 90.000, 0.000, 1718
1449023657.034,-0.00,2.28,-39.6500,0.0130,-0.0102,-1.0251,0.0363,0.2919,0.3990,0.5681,-0.3187,0.7118,-1.6062, -0.352, 90.000, 0.000, 1718
1449023657.057,0.01,2.27,-39.6700,0.0106,-0.0190,-1.0255,0.2209,0.2909,0.2160,0.5720,-0.3206,0.7193,-1.6253, -0.352, 90.000, 0.000, 1718
1449023657.075,0.03,2.26,-39.6900,0.0075,-0.0102,-1.0397,0.0981,0.4762,0.2758,0.5758,-0.3226,0.7252,-1.6400, -0.352, 90.000, 0.000, 1718
1449023657.094,0.04,2.24,-39.7100,0.0135,-0.0156,-1.0318,0.2218,0.3521,0.0941,0.5796,-0.3246,0.7311,-1.6549, -0.352, 90.000, 0.000, 1718
1449023657.117,0.05,2.24,-39.7400,0.0100,-0.0068,-1.0421,0.1595,0.5990,0.2138,0.5835,-0.3265,0.7387,-1.6743, -0.352, 90.000, 0.000, 1718
1449023657.136,0.06,2.23,-39.8000,0.0129,-0.0024,-1.0378,0.3427,0.5369,0.2135,0.5873,-0.3285,0.7446,-1.6891, -0.352, 90.000, 0.000, 1718
1449023657.154,0.07,2.22,-39.8700,0.0115,-0.0053,-1.0382,0.2833,0.7212,-0.0306,0.5912,-0.3304,0.7506,-1.7043, -0.352, 99.000, 0.000, 1718
1449023657.177,0.08,2.22,-39.9400,0.0133,0.0064,-1.0451,0.4027,0.5987,0.3342,0.5950,-0.3324,0.7584,-1.7239, 1.782, 99.000, 0.000, 1718
1449023657.196,0.09,2.22,-40.0000,0.0114,0.0010,-1.0335,0.4644,0.8446,0.2105,0.5989,-0.3343,0.7643,-1.7389, 3.909, 99.000, 0.000, 1718
1449023657.213,0.09,2.22,-40.0400,0.0074,0.0170,-1.0400,0.3421,1.0297,0.2095,0.6027,-0.3363,0.7703,-1.7544, 6.010, 99.000, 0.000, 1718
1449023657.237,0.10,2.21,-40.0600,-0.2818,-0.0353,-1.4699,-0.3159,0.3494,-1.4214,0.6065,-0.3382,0.7782,-1.7745, 8.068, 99.000, 0.000, 1718
1449023657.255,0.07,2.39,-40.0900,0.7474,0.2111,-0.6351,-4.4712,3.6261,-1.4297,0.6104,-0.3401,0.7842,-1.7896, 10.065, 99.000, 0.000, 1718
1449023657.274,0.04,2.36,-40.1100,0.2071,0.0494,-1.2115,0.9594,0.9639,-0.6427,0.6142,-0.3421,0.7903,-1.8053, 11.986, 99.000, 0.000, 1718
1449023657.298,0.04,2.44,-40.1400,0.3012,0.2411,-0.8618,0.9000,3.1801,-1.2069,0.6181,-0.3440,0.7982,-1.8255, 13.814, 99.000, 0.000, 1718
1449023657.316,0.18,2.55,-40.0900,0.1962,0.0906,-1.0663,9.3670,9.8347,7.9910,0.6221,-0.3459,0.8043,-1.8410, 15.536, 99.000, 0.000, 1718
1449023657.334,0.16,2.69,-39.8800,0.3581,0.1637,-0.9601,-2.3310,3.4166,13.8023,0.6261,-0.3478,0.8106,-1.8570, 17.139, 99.000, 0.000, 1718
1449023657.357,0.19,2.71,-39.5900,0.3461,0.1126,-1.0735,-0.6988,-0.6461,16.4996,0.6302,-0.3497,0.8189,-1.8777, 18.613, 99.000, 0.000, 1718
1449023657.375,0.16,2.70,-39.2200,0.3395,0.1515,-0.9539,-2.7349,0.2296,19.1123,0.6344,-0.3516,0.8254,-1.8936, 19.949, 99.000, 0.000, 1718
1449023657.394,0.06,2.69,-38.8400,0.2748,0.1070,-1.0103,-9.8823,-1.2876,19.9456,0.6387,-0.3534,0.8324,-1.9098, 21.137, 99.000, 0.000, 1718
1449023657.418,-0.03,2.69,-38.4000,0.2833,0.1354,-0.9388,0.4544,-1.7947,25.3684,0.6432,-0.3551,0.8417,-1.9309, 22.172, 99.000, 0.000, 1718
1449023657.436,0.01,2.66,-37.7800,0.2450,0.0696,-1.0311,-4.8262,-0.3919,36.8557,0.6478,-0.3568,0.8491,-1.9469, 23.049, 99.000, 0.000, 1718
1449023657.454,-0.01,2.70,-36.9800,0.3410,0.1427,-0.9528,6.2147,1.5106,45.5344,0.6525,-0.3584,0.8572,-1.9635, 23.763, 99.000, 0.000, 1718
1449023657.478,0.08,2.69,-35.9900,0.1155,0.2139,-1.1169,-7.2694,-2.4953,52.9733,0.6575,-0.3599,0.8684,-1.9850, 24.312, 99.000, 0.000, 1718
1449023657.496,-0.08,2.70,-34.9100,0.3520,0.2582,-0.8861,-8.9427,-1.0653,55.9442,0.6627,-0.3612,0.8775,-2.0012, 24.693, 99.000, 0.000, 1718
1449023657.514,-0.17,2.60,-33.8100,0.1481,-0.0439,-0.9946,-4.8403,-5.6379,55.1132,0.6680,-0.3624,0.8877,-2.0177, 24.905, 99.000, 1.414, 1719
1449023657.537,-0.20,2.52,-32.7000,0.0880,0.5445,-1.1013,9.0552,-1.4205,57.5068,0.6736,-0.3635,0.9016,-2.0386, 24.948, 99.000, 0.000, 1719
1449023657.555,-0.04,2.55,-31.4800,0.2374,0.3201,-1.0309,-8.4140,1.2410,66.0627,0.6794,-0.3644,0.9131,-2.0546, 24.820, 99.000, 0.000, 1719
1449023657.574,-0.03,2.52,-30.0800,0.1196,0.2612,-1.0234,4.4114,-6.0411,74.3832,0.6854,-0.3651,0.9257,-2.0707, 24.524, 99.000, 0.000, 1719
1449023657.598,0.10,2.47,-28.7700,0.1094,0.3622,-0.9989,-2.4087,1.4667,86.6170,0.6916,-0.3657,0.9429,-2.0908, 24.058, 99.000, 1.414, 1720
1449023657.616,-0.04,2.45,-27.1200,0.1351,0.3252,-1.1028,-13.1615,-2.2951,96.0454,0.6982,-0.3659,0.9572,-2.1063, 23.427, 99.000, 0.000, 1720
1449023657.634,-0.07,2.44,-25.2200,0.1104,0.0238,-1.0229,0.9394,0.3743,95.8399,0.7049,-0.3660,0.9722,-2.1207, 22.631, 99.000, 0.000, 1720
1449023657.657,0.01,2.44,-23.3700,0.2312,0.2628,-0.6855,2.8717,-0.3845,90.8588,0.7119,-0.3657,0.9937,-2.1391, 21.674, 99.000, 1.414, 1721
1449023657.676,0.20,2.33,-21.5700,0.0346,0.0730,-1.1609,-0.5857,-9.6187,89.4313,0.7191,-0.3652,1.0110,-2.1524, 20.562, 99.000, 0.000, 1721
1449023657.694,-0.00,2.25,-19.8000,0.1543,0.2152,-0.9653,-19.9983,-2.2363,88.1214,0.7265,-0.3645,1.0297,-2.1651, 19.299, 99.000, 0.000, 1721
1449023657.717,-0.13,2.19,-18.0400,0.0382,0.1667,-1.0044,-4.6325,-1.1652,90.3519,0.7341,-0.3635,1.0551,-2.1803, 17.893, 99.000, 1.414, 1722
1449023657.736,0.04,2.26,-16.1100,0.1455,0.2312,-0.8213,20.4048,8.2255,103.6436,0.7420,-0.3623,1.0751,-2.1911, 16.353, 99.000, 0.000, 1722
1449023657.754,0.10,2.35,-14.0300,0.1642,0.2065,-0.9710,-12.7865,0.0010,102.4003,0.7500,-0.3607,1.0968,-2.2011, 14.689, 99.000, 0.000, 1722
1449023657.778,0.14,2.26,-12.0900,0.0179,0.1950,-1.0316,2.9047,-5.6082,95.2727,0.7583,-0.3588,1.1256,-2.2124, 12.912, 99.000, 1.414, 1723
1449023657.795,0.04,2.22,-10.1900,0.0820,0.3118,-1.1609,-11.4076,1.8313,97.5220,0.7667,-0.3566,1.1485,-2.2199, 11.036, 99.000, 0.000, 1723
1449023657.814,0.23,2.23,-8.3500,0.0908,0.0790,-0.9535,11.1490,-2.3078,94.4200,0.7753,-0.3542,1.1725,-2.2262, 9.075, 99.000, 1.414, 1724
1449023657.837,0.13,2.21,-6.6200,0.0079,0.3254,-1.1672,-17.0341,3.2672,98.5674,0.7841,-0.3514,1.2042,-2.2329, 7.046, 99.000, 0.000, 1724
1449023657.855,0.13,2.31,-4.6800,0.0680,0.0182,-0.9584,0.6897,3.8251,95.9950,0.7930,-0.3483,1.2288,-2.2368, 4.964, 99.000, 1.414, 1725
1449023657.874,0.18,2.20,-2.8800,0.0358,0.1493,-1.0275,12.9092,-15.7763,82.1965,0.8020,-0.3450,1.2549,-2.2393, 2.848, 99.000, 0.000, 1725
1449023657.898,0.32,2.12,-1.4200,0.0176,0.1484,-1.2965,11.3477,11.5969,66.8017,0.8112,-0.3415,1.2886,-2.2409, 0.715, 99.000, 0.000, 1725
1449023657.916,0.59,2.29,-0.1400,0.2934,-0.0470,-0.8186,3.2273,1.5003,60.6660,0.8205,-0.3378,1.3146,-2.2411, -1.416, 99.000, 1.414, 1726
1449023657.934,0.72,2.23,0.9900,0.0079,-0.0875,-1.4249,0.2985,0.9319,52.7298,0.8299,-0.3341,1.3412,-2.2404, -3.529, 99.000, 0.000, 1726
1449023657.957,0.66,2.27,1.9900,0.2885,-0.1385,-0.5513,0.2895,-0.6878,46.3071,0.8395,-0.3303,1.3764,-2.2385, -5.604, 99.000, 1.414, 1727
1449023657.976,0.98,2.15,2.7500,-0.0472,-0.5070,-1.4768,14.7716,-4.5959,29.5779,0.8492,-0.3264,1.4035,-2.2364, -7.627, 99.000, 0.000, 1727
1449023657.994,1.11,2.25,3.2200,0.2501,-0.2753,-0.8850,-2.1934,7.5581,18.9895,0.8591,-0.3225,1.4309,-2.2337, -9.581, 99.000, 1.414, 1728
1449023658.017,0.88,2.33,3.5900,0.2025,-0.1620,-1.0059,-16.5315,4.6406,18.3482,0.8691,-0.3186,1.4671,-2.2298, -11.452, 99.000, 0.000, 1728
1449023658.035,0.86,2.33,3.8000,0.1858,-0.0846,-0.5351,1.7392,-7.9614,2.5230,0.8793,-0.3147,1.4947,-2.2268, -13.227, 99.000, 1.414, 1729
1449023658.054,1.22,2.33,3.7900,0.1186,-0.4780,-1.1793,7.4476,6.5424,-3.6919,0.8895,-0.3110,1.5233,-2.2235, -14.895, 99.000, 0.000, 1729
1449023658.078,1.30,2.32,3.6100,0.1239,-0.3216,-1.0123,15.7454,-9.2250,-16.2293,0.9000,-0.3074,1.5609,-2.2195, -16.446, 99.000, 1.414, 1730
1449023658.096,1.34,2.19,3.2000,0.0745,-0.4088,-1.2203,-9.7607,0.0574,-27.1208,0.9107,-0.3040,1.5895,-2.2167, -17.872, 99.000, 1.414, 1731
1449023658.114,1.44,2.09,2.5500,0.0850,-0.2662,-0.8603,14.1392,-13.5284,-36.5877,0.9214,-0.3008,1.6200,-2.2143, -19.165, 99.000, 0.000, 1731
1449023658.138,1.72,1.99,1.7300,0.0743,-0.3195,-1.1582,12.3996,-1.3431,-42.4472,0.9324,-0.2979,1.6583,-2.2122, -20.320, 99.000, 1.414, 1732
1449023658.155,1.63,2.01,0.8200,0.0662,-0.2070,-1.0728,-9.9999,-1.5493,-50.9680,0.9435,-0.2952,1.6882,-2.2114, -21.334, 99.000, 0.000, 1732
1449023658.174,1.73,1.96,-0.3100,0.1942,-0.1897,-0.5276,39.8757,-3.1298,-58.2797,0.9547,-0.2929,1.7193,-2.2117, -22.201, 99.000, 1.414, 1733
1449023658.198,1.97,1.87,-1.5500,0.1238,-0.3718,-1.2283,-10.1901,-4.2997,-65.2738,0.9660,-0.2910,1.7595,-2.2135, -22.920, 99.000, 0.000, 1733
1449023658.216,2.00,1.88,-2.9400,0.0532,-0.3888,-1.0991,4.8943,-0.4261,-74.3581,0.9775,-0.2895,1.7903,-2.2162, -23.490, 99.000, 1.414, 1734
1449023658.234,2.03,1.99,-4.4700,0.1080,-0.3543,-0.8484,8.1486,3.2522,-77.3168,0.9890,-0.2883,1.8219,-2.2205, -23.908, 99.000, 1.414, 1735
1449023658.258,1.94,2.03,-6.0200,0.1020,-0.1823,-1.0489,-1.9086,-2.2664,-78.5024,1.0007,-0.2877,1.8630,-2.2282, -24.175, 99.000, 0.000, 1735
1449023658.275,1.96,2.18,-7.7200,0.0239,-0.5511,-1.1428,0.4922,8.9654,-90.6262,1.0124,-0.2875,1.8943,-2.2356, -24.289, 99.000, 1.414, 1736
1449023658.294,1.94,2.44,-9.6200,0.1313,0.0637,-0.6433,30.3291,9.7873,-96.4722,1.0242,-0.2878,1.9257,-2.2450, -24.251, 99.000, 1.414, 1737
1449023658.318,2.24,2.46,-11.5200,-0.1938,-0.3937,-1.4724,12.9338,-10.8529,-93.7379,1.0359,-0.2887,1.9669,-2.2599, -24.061, 99.000, 0.000, 1737
1449023658.336,2.30,2.45,-13.5000,-0.0199,-0.2052,-1.1619,2.1132,0.4293,-101.4320,1.0477,-0.2901,1.9968,-2.2728, -23.718, 99.000, 1.414, 1738
1449023658.354,2.38,2.54,-15.5600,-0.1026,-0.5240,-1.1295,14.2013,2.2418,-101.7432,1.0594,-0.2919,2.0272,-2.2884, -23.224, 99.000, 1.414, 1739
1449023658.378,2.21,2.59,-17.5600,0.0443,-0.1636,-0.8536,-10.9850,-8.6339,-95.7144,1.0711,-0.2944,2.0654,-2.3111, -22.579, 99.000, 0.000, 1739
1449023658.396,2.06,2.63,-19.5800,-0.3328,-0.4511,-1.7504,-1.1404,8.1813,-108.1595,1.0826,-0.2973,2.0933,-2.3300, -21.786, 99.000, 1.414, 1740
1449023658.414,1.95,3.03,-21.7500,0.2343,-0.0018,-0.4380,-1.5867,10.2213,-106.0490,1.0941,-0.3008,2.1210,-2.3516, -20.845, 99.000, 1.414, 1741
1449023658.438,2.07,2.97,-23.7700,-0.2159,-0.5181,-1.3851,15.0520,-18.4478,-97.9963,1.1054,-0.3048,2.1548,-2.3817, -19.760, 99.000, 0.000, 1741
1449023658.456,1.99,2.91,-25.8300,0.0172,-0.1301,-0.9710,-3.5786,1.9680,-107.6731,1.1165,-0.3093,2.1791,-2.4061, -18.535, 99.000, 1.414, 1742
1449023658.474,2.08,3.06,-27.9800,-0.0090,-0.3265,-0.8777,2.2750,4.2936,-107.1108,1.1274,-0.3142,2.2025,-2.4330, -17.175, 99.000, 1.414, 1743
1449023658.498,1.87,3.02,-30.0100,-0.1143,-0.5720,-1.0414,-2.9697,-11.4341,-97.5486,1.1381,-0.3197,2.2305,-2.4695, -15.686, 99.000, 0.000, 1743
1449023658.516,1.90,3.24,-32.1300,0.0831,-0.5184,-1.2873,-1.5998,23.2575,-114.2303,1.1486,-0.3256,2.2501,-2.4987, -14.075, 99.000, 1.414, 1744
1449023658.534,1.68,3.56,-34.3100,0.2468,0.2778,-0.4229,0.3048,-0.3128,-104.2717,1.1588,-0.3319,2.2680,-2.5295, -12.352, 99.000, 1.414, 1745
1449023658.558,1.66,3.41,-36.3100,-0.2100,-0.8622,-1.6963,1.9192,-3.2606,-99.4582,1.1688,-0.3387,2.2888,-2.5711, -10.527, 99.000, 0.000, 1745
1449023658.576,1.68,3.63,-38.3400,0.1126,-0.0970,-0.7184,22.1172,12.5093,-100.7081,1.1785,-0.3458,2.3029,-2.6040, -8.613, 99.000, 1.414, 1746
1449023658.594,1.52,3.87,-40.2900,0.2123,-0.1950,-0.6678,-18.6007,3.8422,-91.8357,1.1879,-0.3532,2.3149,-2.6375, -6.623, 99.000, 1.414, 1747
1449023658.618,1.32,4.03,-42.0800,-0.0296,-0.2945,-1.2289,20.1816,15.9390,-87.9164,1.1971,-0.3609,2.3281,-2.6824, -4.572, 99.000, 1.414, 1748
1449023658.636,1.31,4.37,-43.7600,0.1058,-0.4199,-1.1161,-13.0594,11.6339,-75.5910,1.2061,-0.3688,2.3364,-2.7167, -2.476, 99.000, 0.000, 1748
1449023658.654,1.07,4.40,-45.0700,0.1450,-0.0491,-0.5388,10.0902,-12.3445,-57.7086,1.2149,-0.3768,2.3431,-2.7523, -0.352, 99.000, 1.414, 1749
1449023658.677,0.94,4.34,-46.1400,0.1102,0.3556,-1.0564,-12.8575,10.2372,-46.4976,1.2237,-0.3848,2.3501,-2.7982, 1.782, 99.000, 1.414, 1750
1449023658.696,0.78,4.48,-47.0000,0.0974,0.1563,-1.3170,-4.9752,2.7838,-38.3966,1.2323,-0.3929,2.3545,-2.8332, 3.909, 99.000, 0.000, 1750
1449023658.714,0.53,4.58,-47.7000,0.1532,0.0996,-0.6333,-10.7378,9.7273,-28.5916,1.2410,-0.4009,2.3583,-2.8692, 6.010, 99.000, 1.414, 1751
1449023658.738,0.42,4.70,-48.1800,0.1400,0.3746,-0.8054,10.3816,1.2547,-18.9623,1.2497,-0.4088,2.3625,-2.9155, 8.068, 99.000, 1.414, 1752
1449023658.755,0.49,4.53,-48.4300,0.3021,0.1443,-0.7319,9.7882,-17.4239,-2.5965,1.2585,-0.4166,2.3654,-2.9507, 10.065, 99.000, 1.414, 1753
1449023658.774,0.48,4.07,-48.3700,-0.0188,0.5857,-1.5534,-24.7593,-14.9433,11.8045,1.2674,-0.4243,2.3685,-2.9873, 11.986, 99.000, 0.000, 1753
1449023658.798,0.07,3.87,-47.9400,0.0478,0.6321,-0.9864,-23.6114,-10.4648,28.2777,1.2766,-0.4315,2.3728,-3.0335, 13.814, 99.000, 1.414, 1754
1449023658.815,-0.22,3.69,-47.2200,0.0846,0.1262,-0.8417,-2.3887,-0.2520,45.2225,1.2860,-0.4385,2.3768,-3.0686, 15.536, 99.000, 1.414, 1755
1449023658.834,-0.31,3.56,-46.2300,0.0135,0.6084,-1.0302,-5.4392,-11.9824,54.6210,1.2957,-0.4451,2.3821,-3.1046, 17.139, 99.000, 1.414, 1756
1449023658.857,-0.59,3.36,-45.0400,-0.1011,0.5319,-1.4806,-20.3526,-7.1481,71.7089,1.3058,-0.4511,2.3907,-3.1511, 18.613, 99.000, 0.000, 1756
1449023658.876,-0.55,3.33,-43.6300,-0.1192,0.4872,-0.8758,25.1308,-1.5526,70.6728,1.3163,-0.4567,2.3989,-3.1863, 19.949, 99.000, 1.414, 1757
1449023658.894,-0.62,3.38,-42.1300,0.1385,0.4109,-0.7511,-36.4337,2.4730,81.2342,1.3271,-0.4618,2.4092,-3.2213, 21.137, 99.000, 1.414, 1758
1449023658.918,-0.71,3.38,-40.4700,-0.1055,0.3846,-0.9962,11.3803,4.4472,87.1995,1.3383,-0.4662,2.4253,-3.2667, 22.172, 99.000, 1.414, 1759
1449023658.936,-0.69,3.33,-38.8100,-0.0747,0.3711,-1.2965,-6.5299,-11.7092,84.7995,1.3498,-0.4702,2.4395,-3.3005, 23.049, 99.000, 0.000, 1759
1449023658.954,-0.74,3.14,-37.0500,-0.1844,0.5153,-1.3501,-4.6790,-7.6750,97.3267,1.3616,-0.4735,2.4562,-3.3339, 23.763, 99.000, 1.414, 1760
1449023658.977,-0.69,3.14,-35.0900,0.1158,0.4014,-0.4301,14.2045,-4.4111,94.3629,1.3738,-0.4762,2.4807,-3.3763, 24.312, 99.000, 1.414, 1761
1449023658.996,-0.62,2.99,-33.2100,-0.1498,0.4100,-1.4101,-20.2759,-7.4966,101.0372,1.3862,-0.4783,2.5015,-3.4074, 24.693, 99.000, 1.414, 1762
1449023659.014,-0.88,2.98,-31.1700,-0.1698,0.1964,-1.1373,23.7407,8.3469,106.4208,1.3990,-0.4797,2.5247,-3.4374, 24.905, 99.000, 0.000, 1762
1449023659.037,-0.62,3.06,-29.1800,0.1271,0.3907,-0.8222,-31.7611,-6.2515,94.0349,1.4120,-0.4805,2.5578,-3.4748, 24.948, 99.000, 1.414, 1763
1449023659.055,-0.80,2.90,-27.3100,-0.2179,0.6461,-1.2230,2.5157,-5.7220,98.1897,1.4252,-0.4807,2.5848,-3.5015, 24.820, 99.000, 1.414, 1764
1449023659.074,-0.75,2.91,-25.3600,0.0708,0.1830,-0.9374,0.1361,6.9290,103.8653,1.4386,-0.4803,2.6144,-3.5271, 24.524, 99.000, 1.414, 1765
1449023659.098,-0.56,2.85,-23.5200,-0.0623,-0.0942,-1.2115,-9.9303,-12.1766,90.3435,1.4523,-0.4792,2.6551,-3.5580, 24.058, 99.000, 0.000, 1765
1449023659.116,-0.57,2.79,-21.6400,-0.0629,0.7109,-0.7463,22.0114,5.0736,101.6585,1.4660,-0.4775,2.6872,-3.5795, 23.427, 99.000, 1.414, 1766
1449023659.134,-0.26,2.79,-20.2300,0.0952,0.0471,-0.8746,3.5897,-7.8316,93.8913,1.4799,-0.4754,2.7213,-3.5993, 22.631, 99.000, 1.414, 1767
1449023659.157,-0.51,2.57,-19.2900,-0.1499,0.8767,-1.2373,-9.4699,-5.5794,92.8986,1.4940,-0.4725,2.7673,-3.6228, 21.674, 99.000, 0.000, 1767
1449023659.176,-0.42,2.62,-17.6100,-0.0299,0.2504,-1.1397,-5.6448,9.3401,101.0783,1.5081,-0.4691,2.8032,-3.6394, 20.562, 99.000, 1.414, 1768
1449023659.194,-0.60,2.72,-15.7200,0.2302,0.5367,-0.4680,-5.8450,-6.8911,90.1610,1.5222,-0.4653,2.8405,-3.6541, 19.299, 99.000, 1.414, 1769
1449023659.218,-0.50,2.66,-13.9400,-0.1413,-0.2630,-1.4354,17.2968,11.4957,102.4164,1.5365,-0.4606,2.8908,-3.6706, 17.893, 99.000, 1.414, 1770
1449023659.236,-0.36,2.76,-11.9600,-0.0389,0.1015,-1.1315,-4.4154,-5.5893,94.5156,1.5507,-0.4555,2.9290,-3.6809, 16.353, 99.000, 0.000, 1770
1449023659.254,-0.46,2.68,-10.1400,-0.1075,0.5444,-1.0827,-9.7070,-3.9188,91.7325,1.5650,-0.4499,2.9689,-3.6889, 14.689, 99.000, 1.414, 1771
1449023659.277,-0.40,2.69,-8.2900,-0.0115,0.0444,-0.8259,20.4184,2.2258,95.0100,1.5792,-0.4436,3.0213,-3.6965, 12.912, 99.000, 1.414, 1772
1449023659.296,-0.38,2.62,-6.4500,0.0676,0.2704,-0.7664,-14.8011,-10.1970,88.3453,1.5933,-0.4368,3.0617,-3.7002, 11.036, 99.000, 0.000, 1772
1449023659.314,0.06,2.52,-4.7100,-0.0801,-0.1846,-1.2200,24.6416,2.5571,85.7598,1.6073,-0.4296,3.1026,-3.7014, 9.075, 99.000, 1.414, 1773
1449023659.337,0.24,2.57,-2.8900,-0.0240,0.5185,-0.9303,-13.3871,0.5312,93.2305,1.6211,-0.4217,3.1560,-3.7003, 7.046, 99.000, 1.414, 1774
1449023659.356,0.34,2.46,-1.0800,0.0313,-0.0628,-0.6557,13.9915,-5.5301,90.5478,1.6348,-0.4135,3.1965,-3.6974, 4.964, 99.000, 1.414, 1775
1449023659.374,0.13,2.26,0.6600,0.1058,0.1479,-1.1681,-29.3243,-8.6185,87.2432,1.6483,-0.4048,3.2375,-3.6920, 2.848, 99.000, 0.000, 1775
1449023659.398,-0.17,2.09,2.4500,-0.0780,0.5961,-1.4912,-13.8413,-9.0237,90.3352,1.6614,-0.3955,3.2904,-3.6823, 0.715, 99.000, 1.414, 1776
1449023659.416,0.12,2.18,4.2900,0.2017,0.3383,-0.4754,59.9991,12.8187,90.7413,1.6744,-0.3859,3.3298,-3.6731, -1.416, 99.000, 1.414, 1777
1449023659.434,0.73,2.26,6.0100,0.1832,0.0749,-1.0251,4.0849,-2.1313,84.3103,1.6870,-0.3759,3.3693,-3.6614, -3.529, 99.000, 1.414, 1778
1449023659.457,0.87,2.24,7.6200,-0.0243,0.3955,-1.1838,9.5761,7.1296,75.4675,1.6993,-0.3657,3.4202,-3.6435, -5.604, 99.000, 1.414, 1779
1449023659.475,0.94,2.45,9.0100,0.1251,-0.2773,-0.8791,1.2643,13.6393,59.9688,1.7113,-0.3554,3.4585,-3.6281, -7.627, 99.000, 0.000, 1779
1449023659.494,0.81,2.59,9.9900,0.0472,-0.4236,-1.3023,-22.4157,4.4022,37.0160,1.7231,-0.3450,3.4962,-3.6110, -9.581, 99.000, 1.414, 1780
1449023659.517,1.05,2.77,10.6000,0.3252,0.0794,-0.4292,30.2743,1.8042,21.2606,1.7346,-0.3348,3.5450,-3.5873, -11.452, 99.000, 1.414, 1781
1449023659.536,1.31,2.60,10.9200,0.1581,-0.5669,-1.2201,6.5387,-13.1168,14.1404,1.7460,-0.3248,3.5816,-3.5688, -13.227, 99.000, 1.414, 1782
1449023659.554,1.32,2.49,11.0300,0.1714,-0.1579,-1.0600,-4.1459,2.7559,-3.8527,1.7572,-0.3151,3.6187,-3.5499, -14.895, 99.000, 1.414, 1783
1449023659.577,1.36,2.45,10.8500,0.1609,-0.0919,-0.7920,8.5520,-12.2868,-17.0833,1.7682,-0.3060,3.6673,-3.5252, -16.446, 99.000, 0.000, 1783
1449023659.596,1.41,2.24,10.2800,-0.1180,-0.1456,-1.6132,-5.0117,-3.2591,-40.5938,1.7791,-0.2975,3.7043,-3.5069, -17.872, 99.000, 1.414, 1784
1449023659.615,1.78,2.29,9.3600,0.1972,-0.1602,-0.3569,23.2263,-9.5930,-51.6568,1.7900,-0.2897,3.7421,-3.4895, -19.165, 99.000, 1.414, 1785
1449023659.638,2.10,2.04,8.2400,-0.0676,-0.5309,-1.5906,13.0233,-9.7062,-58.4716,1.8007,-0.2828,3.7925,-3.4682, -20.320, 99.000, 1.414, 1786
1449023659.656,2.33,2.15,6.9700,0.1210,-0.2457,-0.6392,7.3851,9.3218,-66.4946,1.8114,-0.2767,3.8311,-3.4539, -21.334, 99.000, 1.414, 1787
1449023659.674,2.30,2.16,5.6800,-0.0472,-0.5540,-1.2923,16.2485,-9.9185,-64.9201,1.8220,-0.2714,3.8723,-3.4410, -22.201, 99.000, 1.414, 1788
1449023659.698,2.53,2.34,4.1300,0.0449,-0.7045,-0.9777,23.7534,20.3730,-84.7503,1.8325,-0.2673,3.9250,-3.4272, -22.920, 99.000, 1.414, 1789
1449023659.716,2.72,2.56,2.4800,-0.0601,-0.4730,-1.0917,17.6472,-9.0411,-79.9910,1.8429,-0.2640,3.9662,-3.4187, -23.490, 99.000, 0.000, 1789
1449023659.734,2.88,2.64,0.7400,-0.1649,-0.4242,-1.2698,6.9875,9.6769,-93.8179,1.8532,-0.2617,4.0083,-3.4128, -23.908, 99.000, 1.414, 1790
1449023659.758,2.86,2.95,-1.1400,0.1398,-0.2338,-0.4405,-11.5886,0.8697,-90.2639,1.8634,-0.2606,4.0643,-3.4083, -24.175, 99.000, 1.414, 1791
1449023659.776,2.88,3.04,-3.0100,-0.2177,-0.2632,-1.5288,18.3012,12.5093,-104.5771,1.8735,-0.2605,4.1072,-3.4075, -24.289, 99.000, 1.414, 1792
1449023659.794,3.07,3.40,-5.0800,0.2583,-0.0318,-0.4864,5.5843,5.2868,-101.0619,1.8834,-0.2615,4.1496,-3.4097, -24.251, 99.000, 1.414, 1793
1449023659.818,3.07,3.33,-7.0400,-0.0320,-0.9218,-1.3735,1.5609,-7.7573,-99.7844,1.8931,-0.2637,4.2061,-3.4166, -24.061, 99.000, 1.414, 1794
1449023659.836,3.04,3.48,-9.0800,-0.0133,-0.3822,-1.0471,-2.4139,7.2803,-101.2856,1.9026,-0.2669,4.2482,-3.4245, -23.718, 99.000, 1.414, 1795
1449023659.854,2.73,3.56,-11.0100,-0.0473,0.1238,-0.9884,-0.9532,-10.2485,-90.1598,1.9120,-0.2710,4.2908,-3.4359, -23.224, 99.000, 0.000, 1795
1449023659.878,2.94,3.64,-12.9100,-0.0247,-0.6396,-1.2834,21.5477,4.0211,-96.8114,1.9211,-0.2761,4.3449,-3.4542, -22.579, 99.000, 1.414, 1796
1449023659.896,2.81,3.64,-14.8300,0.1504,0.1033,-0.3301,-3.1521,-18.3695,-88.7483,1.9300,-0.2820,4.3849,-3.4703, -21.786, 99.000, 1.414, 1797
1449023659.914,2.89,3.44,-16.7100,-0.1423,-0.4359,-1.2703,12.4434,-2.1689,-94.8386,1.9386,-0.2886,4.4245,-3.4896, -20.845, 99.000, 1.414, 1798
1449023659.937,2.57,3.55,-18.6600,-0.2374,-0.5303,-1.2602,-11.4050,3.8641,-98.6072,1.9468,-0.2961,4.4748,-3.5179, -19.760, 99.000, 1.414, 1799
1449023659.956,2.48,3.74,-20.5900,0.2166,-0.3787,-0.6871,-4.4038,-1.1980,-95.3184,1.9548,-0.3042,4.5114,-3.5415, -18.535, 99.000, 0.000, 1799
1449023659.975,2.46,3.72,-22.4600,-0.1775,-0.5546,-1.3848,-13.4261,-4.9328,-96.4016,1.9624,-0.3129,4.5475,-3.5683, -17.175, 99.000, 1.414, 1800
1449023659.997,2.36,3.70,-24.3500,0.1077,-0.1494,-0.5217,18.6944,-7.5918,-89.2363,1.9696,-0.3223,4.5916,-3.6054, -15.686, 99.000, 1.414, 1801
1449023660.016,2.29,3.63,-26.1400,-0.0002,-0.7756,-1.0671,-7.8670,-6.7751,-88.7610,1.9764,-0.3321,4.6236,-3.6356, -14.075, 99.000, 1.414, 1802
1449023660.034,2.26,3.76,-28.0100,0.0658,-0.6670,-0.7235,23.1802,7.4702,-95.3288,1.9828,-0.3423,4.6540,-3.6681, -12.352, 99.000, 1.414, 1803
1449023660.058,2.24,3.69,-29.8300,-0.0897,-0.6132,-1.1836,7.8703,-21.5929,-84.7029,1.9887,-0.3528,4.6915,-3.7127, -10.527, 99.000, 1.414, 1804
1449023660.076,2.14,3.63,-31.7000,-0.1511,-0.1532,-1.2817,-0.8457,10.2382,-99.3130,1.9942,-0.3637,4.7179,-3.7479, -8.613, 99.000, 0.000, 1804
1449023660.094,1.98,3.79,-33.5700,0.0810,-0.3998,-0.9069,-0.3871,-11.9581,-84.1983,1.9992,-0.3747,4.7425,-3.7849, -6.623, 99.000, 1.414, 1805
1449023660.118,1.76,3.76,-35.3900,-0.0256,-0.4171,-0.8454,15.9618,8.7276,-93.6678,2.0037,-0.3860,4.7719,-3.8349, -4.572, 99.000, 1.414, 1806
1449023660.136,1.91,3.91,-37.2100,0.2228,-0.0678,-0.7194,-8.4964,-3.5647,-86.8415,2.0077,-0.3973,4.7920,-3.8736, -2.476, 99.000, 1.414, 1807
1449023660.153,1.75,3.82,-38.7800,-0.1209,-0.2750,-1.4917,0.2571,0.0788,-74.7667,2.0113,-0.4086,4.8101,-3.9141, -0.352, 50.000, 1.414, 1808
1449023660.178,1.76,3.96,-40.1600,0.2522,0.0062,-0.3754,-10.4636,0.0834,-62.2117,2.0144,-0.4197,4.8312,-3.9677, -0.352, 50.000, 1.414, 1809
1449023660.195,1.54,3.71,-41.2500,-0.2216,0.1144,-1.5706,-9.1766,-9.5054,-53.5177,2.0172,-0.4306,4.8455,-4.0087, -0.352, 50.000, 0.000, 1809
1449023660.214,1.27,3.56,-42.2000,-0.5939,0.2379,-1.0766,-7.9782,-2.3360,-43.9275,2.0198,-0.4412,4.8585,-4.0507, -0.352, 50.000, 1.414, 1810
1449023660.238,1.03,3.53,-42.9800,-0.0849,0.0549,-0.9077,-9.8165,-6.8626,-34.5323,2.0220,-0.4513,4.8740,-4.1056, -0.352, 50.000, 1.414, 1811
1449023660.256,0.90,3.38,-43.6300,-0.2195,0.0509,-1.3626,-7.6050,-4.3889,-28.8549,2.0240,-0.4609,4.8848,-4.1472, -0.352, 50.000, 1.414, 1812
1449023660.274,0.85,3.30,-44.1100,-0.1180,0.0885,-0.4114,8.9459,-9.0961,-21.1182,2.0258,-0.4700,4.8951,-4.1896, -0.352, 50.000, 1.414, 1813
1449023660.297,0.88,3.08,-44.4300,-0.3352,0.2547,-1.2473,-10.7383,-3.5897,-10.8149,2.0275,-0.4784,4.9078,-4.2447, -0.352, 50.000, 1.414, 1814
1449023660.316,0.75,3.11,-44.6000,-0.3449,0.1422,-1.2215,0.3224,5.4481,-5.7765,2.0292,-0.4861,4.9169,-4.2856, -0.352, 50.000, 1.414, 1815
1449023660.334,0.58,3.10,-44.6900,-0.1821,-0.0752,-0.9563,-10.4932,-8.5561,-2.3361,2.0308,-0.4933,4.9264,-4.3280, -0.352, 50.000, 0.000, 1815
1449023660.358,0.56,3.03,-44.7400,-0.2392,-0.0681,-1.2879,-1.0480,5.7082,-2.3118,2.0324,-0.4996,4.9385,-4.3821, -0.352, 50.000, 1.414, 1816
1449023660.376,0.50,3.14,-44.7600,-0.0853,0.2266,-0.5332,7.9964,1.4305,-2.8027,2.0340,-0.5053,4.9479,-4.4230, -0.352, 50.000, 1.414, 1817
1449023660.394,0.66,3.07,-44.7900,-0.3033,-0.3665,-1.6124,-3.4548,2.9536,1.4250,2.0357,-0.5103,4.9574,-4.4641, -0.352, 50.000, 0.000, 1817
1449023660.417,0.69,3.18,-44.7300,-0.1493,0.0885,-0.9088,8.8025,6.1253,2.6806,2.0374,-0.5145,4.9700,-4.5173, -0.352, 50.000, 1.414, 1818
1449023660.436,0.65,3.27,-44.6300,-0.1263,-0.1225,-0.6786,-12.5843,4.2232,5.4623,2.0392,-0.5181,4.9798,-4.5578, -0.352, 50.000, 1.414, 1819
1449023660.454,0.50,3.19,-44.5000,-0.2501,0.1488,-1.1721,-0.4327,-3.5092,6.3214,2.0411,-0.5211,4.9899,-4.5981, -0.352, 50.000, 1.414, 1820
1449023660.478,0.42,3.21,-44.3500,-0.3124,-0.2393,-1.2835,-15.1182,6.6430,9.0361,2.0431,-0.5232,5.0036,-4.6506, -0.352, 50.000, 0.000, 1820
1449023660.495,0.34,3.17,-44.1600,-0.0857,0.1626,-0.5872,12.5472,2.2501,8.4636,2.0453,-0.5247,5.0140,-4.6894, -0.352, 50.000, 1.414, 1821
1449023660.514,0.36,3.13,-43.9500,-0.2989,-0.2730,-1.3760,-15.5053,2.0952,12.4142,2.0477,-0.5256,5.0252,-4.7291, -0.352, 50.000, 0.000, 1821
1449023660.537,0.30,3.25,-43.7000,-0.1955,0.1588,-0.9735,9.5932,7.4392,10.6810,2.0503,-0.5257,5.0400,-4.7795, -0.352, 50.000, 1.414, 1822
1449023660.555,0.38,3.35,-43.3700,-0.2541,-0.1561,-1.1685,-4.3611,5.6447,15.4325,2.0530,-0.5253,5.0517,-4.8179, -0.352, 50.000, 0.000, 1822
1449023660.574,0.34,3.38,-43.0100,-0.2063,0.0537,-0.8456,-2.9915,-2.0655,13.2426,2.0559,-0.5243,5.0640,-4.8562, -0.352, 50.000, 1.414, 1823
1449023660.598,0.31,3.38,-42.6700,-0.2970,0.1239,-1.0237,6.1412,4.0130,15.4600,2.0589,-0.5227,5.0805,-4.9050, -0.352, 50.000, 1.414, 1824
1449023660.615,0.32,3.37,-42.3400,-0.3001,-0.1092,-1.2412,-13.0460,2.2888,17.9876,2.0621,-0.5206,5.0936,-4.9420, -0.352, 50.000, 0.000, 1824
1449023660.634,0.24,3.40,-41.9800,-0.1447,0.2422,-0.7873,6.7996,3.9543,17.1576,2.0652,-0.5183,5.1071,-4.9784, -0.352, 50.000, 1.414, 1825
1449023660.658,0.34,3.34,-41.6100,-0.3047,0.0134,-1.2469,-0.6056,-3.8993,20.7151,2.0684,-0.5155,5.1255,-5.0258, -0.352, 50.000, 0.000, 1825
1449023660.676,0.20,3.37,-41.1800,-0.2393,0.2039,-0.9531,-9.5345,3.2129,21.6075,2.0715,-0.5125,5.1398,-5.0613, -0.352, 50.000, 0.000, 1825
1449023660.694,0.22,3.32,-40.7500,-0.2261,0.0021,-0.9644,5.8522,-2.7430,22.2557,2.0745,-0.5093,5.1546,-5.0961, -0.352, 50.000, 1.414, 1826
1449023660.718,0.23,3.34,-40.2900,-0.2339,-0.0376,-1.0033,-5.0926,6.6536,22.9563,2.0773,-0.5058,5.1748,-5.1414, -0.352, 50.000, 0.000, 1826
1449023660.736,0.21,3.32,-39.6500,-0.1720,-0.0363,-0.7086,-1.5922,-6.1095,22.3160,2.0799,-0.5023,5.1904,-5.1750, -0.352, 50.000, 1.414, 1827
1449023660.754,0.13,2.83,-39.1500,-0.2701,0.0055,-1.1984,-6.0447,2.8915,20.3803,2.0822,-0.4986,5.2067,-5.2081, -0.352, 50.000, 0.000, 1827
1449023660.778,0.17,2.58,-38.7200,-0.2377,0.1501,-0.8591,6.3210,-1.2200,16.7161,2.0841,-0.4950,5.2287,-5.2508, -0.352, 50.000, 1.414, 1828
1449023660.796,0.18,2.46,-38.3400,-0.2913,0.0244,-1.2003,-7.9117,2.0871,17.2379,2.0856,-0.4916,5.2457,-5.2826, -0.352, 50.000, 0.000, 1828
1449023660.814,0.07,2.53,-37.9900,-0.1777,-0.0408,-0.9339,0.3006,3.6530,12.9387,2.0866,-0.4883,5.2632,-5.3143, -0.352, 50.000, 0.000, 1828
1449023660.838,0.18,2.47,-37.7100,-0.1660,0.0348,-0.8493,6.8580,-6.4113,11.2915,2.0869,-0.4853,5.2863,-5.3547, -0.352, 50.000, 1.414, 1829
1449023660.856,0.28,2.34,-37.4500,-0.2214,-0.0761,-1.2421,2.5251,-3.4440,10.6187,2.0868,-0.4826,5.3040,-5.3850, -0.352, 50.000, 0.000, 1829
1449023660.874,0.27,2.33,-37.1300,-0.2154,-0.0612,-0.9472,-3.7576,-0.1030,9.4050,2.0861,-0.4803,5.3220,-5.4152, -0.352, 50.000, 0.000, 1829
1449023660.898,0.23,2.18,-36.7800,-0.3092,0.0363,-1.1241,-0.9956,-1.6555,7.7660,2.0847,-0.4784,5.3453,-5.4534, -0.352, 50.000, 1.414, 1830
1449023660.915,0.26,2.06,-36.5400,-0.2314,-0.0623,-1.0321,1.2628,-1.6618,7.8168,2.0828,-0.4769,5.3632,-5.4821, -0.352, 50.000, 0.000, 1830
1449023660.934,0.33,1.59,-36.3100,-0.2369,0.1856,-1.1210,3.2132,-0.4964,8.0416,2.0804,-0.4758,5.3812,-5.5104, -0.352, 50.000, 0.000, 1830
1449023660.958,0.32,1.45,-36.0600,-0.2695,-0.0814,-1.1326,-7.2968,2.0617,8.8566,2.0772,-0.4752,5.4048,-5.5471, -0.352, 50.000, 0.000, 1830
1449023660.976,0.26,1.31,-35.8200,-0.2187,0.1027,-0.9509,-0.2525,0.7399,6.0432,2.0736,-0.4750,5.4227,-5.5743, -0.352, 50.000, 0.000, 1830
1449023660.994,0.28,1.25,-35.6300,-0.1753,-0.0417,-0.9523,1.5778,3.0749,5.8340,2.0695,-0.4754,5.4405,-5.6011, -0.352, 50.000, 1.414, 1831
1449023661.018,0.28,1.24,-35.4400,-0.2095,0.0395,-1.2020,-0.6598,-1.0518,3.7524,2.0648,-0.4764,5.4640,-5.6359, -0.352, 50.000, 0.000, 1831
1449023661.036,0.30,0.78,-35.3300,-0.2587,0.0581,-0.9717,1.3542,1.6519,3.4179,2.0596,-0.4778,5.4814,-5.6615, -0.352, 50.000, 0.000, 1831
1449023661.054,0.35,0.62,-35.2300,-0.2518,0.1011,-1.0404,1.4095,0.8533,4.2742,2.0540,-0.4797,5.4989,-5.6872, -0.352, 50.000, 0.000, 1831
1449023661.078,0.35,0.57,-35.1300,-0.1266,0.0502,-1.0563,1.2370,1.0347,2.8770,2.0479,-0.4822,5.5217,-5.7203, -0.352, 50.000, 0.000, 1831
1449023661.095,0.40,0.32,-35.0300,-0.2033,0.0382,-0.9762,2.5723,0.4795,3.9685,2.0413,-0.4851,5.5386,-5.7448, -0.352, 50.000, 0.000, 1831
1449023661.114,0.45,0.34,-34.9100,-0.0421,0.0064,-1.0501,1.0437,1.6547,4.0871,2.0344,-0.4885,5.5555,-5.7693, -0.352, 50.000, 1.414, 1832
1449023661.137,0.45,0.37,-34.8200,-0.0954,-0.0431,-0.9562,0.7469,0.9136,3.1230,2.0270,-0.4925,5.5773,-5.8006, -0.352, 50.000, 0.000, 1832
1449023661.155,0.46,0.40,-34.7400,0.0017,0.0701,-0.9239,-0.3519,2.8255,2.8087,2.0194,-0.4969,5.5936,-5.8240, -0.352, 50.000, 0.000, 1832
1449023661.174,0.43,0.44,-34.6600,-0.0125,0.0357,-1.0893,-0.7155,2.1482,2.5730,2.0114,-0.5017,5.6100,-5.8476, -0.352, 50.000, 0.000, 1832
1449023661.198,0.39,0.47,-34.5900,-0.1674,0.0323,-0.9578,-1.3799,1.2855,1.7936,2.0030,-0.5072,5.6307,-5.8773, -0.352, 50.000, 0.000, 1832
1449023661.216,0.36,0.49,-34.4500,-0.1000,0.0248,-1.0476,-1.8705,1.0414,2.1014,1.9943,-0.5131,5.6463,-5.8997, -0.352, 50.000, 0.000, 1832
1449023661.234,0.34,0.51,-34.3100,-0.0629,0.0133,-0.9676,-1.8655,1.7169,1.3673,1.9854,-0.5195,5.6618,-5.9218, -0.352, 50.000, 0.000, 1832
1449023661.258,0.31,0.53,-34.1900,-0.0731,0.0477,-1.0422,0.3353,1.2169,1.0580,1.9762,-0.5264,5.6817,-5.9503, -0.352, 50.000, 0.000, 1832
1449023661.276,0.30,0.53,-34.0600,-0.1069,0.0059,-1.0663,-0.4600,0.9735,1.3064,1.9668,-0.5338,5.6967,-5.9717, -0.352, 50.000, 0.000, 1832
1449023661.294,0.29,0.54,-33.8500,-0.0518,0.0242,-1.0039,0.2745,0.9707,1.0603,1.9572,-0.5415,5.7113,-5.9927, -0.352, 50.000, 0.000, 1832
1449023661.317,0.28,0.56,-33.6800,-0.0696,-0.0169,-0.9572,0.5833,1.1532,0.5717,1.9473,-0.5498,5.7303,-6.0199, -0.352, 50.000, 0.000, 1832
1449023661.336,0.28,0.56,-33.5000,-0.0679,0.0444,-1.0832,0.0942,1.7706,0.5689,1.9373,-0.5585,5.7444,-6.0401, -0.352, 50.000, 0.000, 1832
1449023661.354,0.27,0.57,-33.3100,-0.0457,0.0129,-0.9727,0.4612,0.3531,0.7002,1.9271,-0.5676,5.7585,-6.0601, -0.352, 50.000, 0.000, 1832
1449023661.378,0.24,0.53,-32.9300,-0.0637,0.0301,-1.0244,0.2186,1.4616,0.3280,1.9168,-0.5773,5.7767,-6.0862, -0.352, 50.000, 0.000, 1832
1449023661.396,0.22,0.40,-32.4900,-0.0735,0.0442,-1.0145,-0.0843,0.6612,0.1537,1.9063,-0.5873,5.7902,-6.1053, -0.352, 50.000, 0.000, 1832
1449023661.414,0.19,0.33,-32.0800,-0.0376,0.0358,-0.9850,0.4041,1.0908,0.0873,1.8958,-0.5977,5.8037,-6.1243, -0.352, 50.000, 0.000, 1832
1449023661.437,0.17,0.32,-31.8800,-0.0171,0.0373,-1.0027,0.1594,1.0301,0.1496,1.8850,-0.6085,5.8211,-6.1486, -0.352, 50.000, 0.000, 1832
1449023661.455,0.16,0.34,-31.7500,-0.0009,0.0514,-1.0022,0.2830,0.9676,-0.0326,1.8742,-0.6194,5.8341,-6.1669, -0.352, 50.000, 0.000, 1832
1449023661.474,0.15,0.36,-31.5800,0.0080,0.0262,-1.0066,0.3434,0.7830,0.0901,1.8631,-0.6305,5.8469,-6.1848, -0.352, 50.000, 0.000, 1832
1449023661.498,0.13,0.37,-31.2900,-0.0056,0.0889,-1.0133,1.0718,1.0902,0.5701,1.8518,-0.6414,5.8634,-6.2082, -0.352, 50.000, 0.000, 1832
1449023661.516,0.09,0.40,-30.3500,0.0037,0.0042,-0.9948,-0.8164,0.6015,0.0967,1.8403,-0.6523,5.8757,-6.2255, -0.352, 50.000, 0.000, 1832
1449023661.534,0.04,0.42,-29.2900,0.0074,0.0573,-0.9997,0.3482,0.6580,-0.5161,1.8285,-0.6630,5.8881,-6.2426, -0.352, 50.000, 0.000, 1832
1449023661.558,-0.00,0.44,-28.3000,0.0120,0.0111,-1.0122,0.9544,0.3500,0.0909,1.8163,-0.6734,5.9044,-6.2644, -0.352, 50.000, 0.000, 1832
1449023661.576,-0.03,0.47,-27.4700,0.0178,0.0310,-1.0061,0.6517,0.9657,-0.3378,1.8038,-0.6834,5.9168,-6.2806, -0.352, 50.000, 0.000, 1832
1449023661.594,-0.08,0.51,-26.6600,0.0239,0.0899,-1.0066,0.1110,1.2104,-1.4910,1.7910,-0.6928,5.9291,-6.2964, -0.352, 50.000, 0.000, 1832
1449023661.618,-0.11,0.56,-25.7600,0.0369,0.0174,-1.0111,0.4000,0.9075,0.6352,1.7777,-0.7016,5.9451,-6.3166, -0.352, 50.000, 0.000, 1832
1449023661.636,-0.13,0.61,-25.2700,0.0625,0.0086,-1.0020,0.1009,0.9062,-0.1527,1.7641,-0.7098,5.9573,-6.3317, -0.352, 50.000, 0.000, 1832
1449023661.654,-0.16,0.63,-24.7500,0.0269,0.0583,-1.0198,0.0407,0.1672,-0.1465,1.7502,-0.7174,5.9694,-6.3466, -0.352, 50.000, 0.000, 1832
1449023661.678,-0.18,0.67,-24.2400,0.0487,0.0397,-0.9792,0.1600,0.5373,0.1536,1.7359,-0.7242,5.9850,-6.3658, -0.352, 50.000, 0.000, 1832
1449023661.696,-0.21,0.69,-23.5000,0.0177,0.0262,-1.0225,0.1587,0.4762,0.3362,1.7214,-0.7303,5.9968,-6.3801, -0.352, 50.000, 0.000, 1832
1449023661.714,-0.26,0.72,-22.2000,0.0178,0.0262,-1.0109,0.1583,0.4148,0.3975,1.7066,-0.7358,6.0085,-6.3942, -0.352, 50.000, 0.000, 1832
1449023661.737,-0.31,0.77,-21.0000,0.0341,0.0134,-0.9854,0.2776,0.7233,0.6980,1.6914,-0.7403,6.0240,-6.4122, -0.352, 50.000, 0.000, 1832
1449023661.756,-0.35,0.80,-20.2500,0.0384,0.0150,-1.0173,0.1606,0.4755,0.0934,1.6761,-0.7441,6.0358,-6.4255, -0.352, 50.000, 0.000, 1832
1449023661.774,-0.38,0.84,-19.6600,0.0389,0.0130,-1.0062,0.2201,0.1680,0.3385,1.6606,-0.7471,6.0476,-6.4387, -0.352, 50.000, 0.000, 1832
1449023661.798,-0.41,0.89,-19.0400,0.0331,0.0058,-1.0163,0.0973,0.3533,0.3982,1.6449,-0.7492,6.0629,-6.4557, -0.352, 50.000, 0.000, 1832
1449023661.816,-0.44,0.92,-17.9200,0.0159,0.0053,-1.0213,-0.0843,0.2301,0.2179,1.6292,-0.7505,6.0744,-6.4683, -0.352, 50.000, 0.000, 1832
1449023661.834,-0.47,0.94,-16.8500,0.0066,0.0043,-1.0200,0.0980,0.1684,0.3390,1.6133,-0.7512,6.0860,-6.4807, -0.352, 50.000, 0.000, 1832
1449023661.858,-0.49,0.95,-15.8300,-0.0003,0.0009,-1.0205,0.0378,0.2298,0.2173,1.5973,-0.7511,6.1012,-6.4965, -0.352, 50.000, 0.000, 1832
1449023661.876,-0.50,0.96,-14.8000,-0.0042,-0.0039,-1.0205,-0.0228,0.2298,0.1569,1.5813,-0.7503,6.1128,-6.5084, -0.352, 50.000, 0.000, 1832
1449023661.894,-0.51,0.97,-13.5800,-0.0120,-0.0054,-1.0206,0.0983,0.2914,0.2773,1.5653,-0.7489,6.1243,-6.5199, -0.352, 50.000, 0.000, 1832
1449023661.918,-0.52,0.97,-12.2900,-0.0086,-0.0039,-1.0278,0.2203,0.3526,0.2763,1.5493,-0.7467,6.1396,-6.5348, -0.352, 50.000, 0.000, 1832
1449023661.936,-0.51,0.97,-11.2600,-0.0013,-0.0063,-1.0316,0.4029,0.4755,0.3352,1.5334,-0.7438,6.1512,-6.5456, -0.352, 50.000, 0.000, 1832
1449023661.954,-0.51,0.97,-10.1600,0.0017,-0.0015,-1.0277,0.3424,0.3523,0.2757,1.5176,-0.7404,6.1628,-6.5563, -0.352, 50.000, 0.000, 1832
1449023661.977,-0.51,0.97,-8.9800,0.0080,-0.0020,-1.0320,0.4029,0.4139,0.3357,1.5018,-0.7363,6.1781,-6.5700, -0.352, 50.000, 0.000, 1832
1449023661.996,-0.50,0.99,-8.0200,0.0120,-0.0015,-1.0266,0.4023,0.5373,0.3954,1.4861,-0.7316,6.1897,-6.5800, -0.352, 50.000, 0.000, 1832
1449023662.014,-0.50,1.00,-7.4000,0.0139,-0.0020,-1.0276,0.2802,0.5376,0.3959,1.4706,-0.7265,6.2013,-6.5900, -0.352, 50.000, 0.000, 1832
1449023662.038,-0.50,1.01,-6.4200,0.0149,0.0039,-1.0339,0.3426,0.5985,0.2130,1.4552,-0.7208,6.2165,-6.6028, -0.352, 50.000, 0.000, 1832
1449023662.056,-0.50,1.02,-5.3700,0.0050,0.0078,-1.0307,0.2819,0.7217,0.1515,1.4400,-0.7146,6.2279,-6.6122, -0.352, 50.000, 0.000, 1832
1449023662.074,-0.51,1.03,-4.2900,-0.0008,0.0068,-1.0317,0.4034,0.8447,0.2107,1.4249,-0.7081,6.2395,-6.6216, -0.352, 50.000, 0.000, 1832
1449023662.098,-0.52,1.04,-3.2500,0.0011,0.0097,-1.0288,0.4644,0.8446,0.2105,1.4101,-0.7009,6.2545,-6.6335, -0.352, 50.000, 0.000, 1832
1449023662.115,-0.53,1.05,-2.2300,0.0001,0.0185,-1.0270,0.3423,0.9065,0.2105,1.3955,-0.6934,6.2660,-6.6423, -0.352, 50.000, 0.000, 1832
1449023662.134,-0.55,1.06,-1.3300,0.0045,0.0243,-1.0255,0.3408,0.9070,0.3926,1.3810,-0.6856,6.2774,-6.6509, -0.352, 50.000, 0.000, 1832
1449023662.157,-0.58,1.08,-0.4800,0.0114,0.0257,-1.0177,0.2811,0.9683,0.2103,1.3667,-0.6775,6.2924,-6.6620, -0.352, 50.000, 0.000, 1832
1449023662.175,-0.60,1.11,0.4700,0.0173,0.0281,-1.0182,0.4041,1.0292,0.0878,1.3525,-0.6693,6.3038,-6.6703, -0.352, 50.000, 0.000, 1832
1449023662.194,-0.63,1.14,1.3900,0.0163,0.0311,-1.0173,0.3417,1.0299,0.2702,1.3384,-0.6610,6.3151,-6.6783, -0.352, 50.000, 0.000, 1832
1449023662.218,-0.66,1.16,2.2900,0.0182,0.0360,-1.0236,0.3417,0.9683,0.2707,1.3243,-0.6526,6.3300,-6.6888, -0.352, 50.000, 0.000, 1832
1449023662.236,-0.69,1.19,3.1500,0.0177,0.0398,-1.0130,0.2204,1.1531,0.1483,1.3103,-0.6443,6.3413,-6.6964, -0.352, 50.000, 0.000, 1832
1449023662.254,-0.73,1.22,4.0000,0.0168,0.0407,-1.0043,0.2225,0.9060,-0.0926,1.2963,-0.6359,6.3526,-6.7041, -0.352, 50.000, 0.000, 1832
1449023662.278,-0.76,1.24,4.7100,0.0148,0.0373,-1.0067,0.1599,1.0299,0.0889,1.2823,-0.6277,6.3673,-6.7139, -0.352, 50.000, 0.000, 1832
1449023662.296,-0.79,1.26,5.2800,0.0212,0.0412,-0.9970,0.2813,0.8451,0.2113,1.2682,-0.6197,6.3784,-6.7211, -0.352, 50.000, 0.000, 1832
1449023662.314,-0.82,1.28,5.8700,0.0124,0.0378,-0.9985,0.1593,0.7838,0.2123,1.2541,-0.6117,6.3896,-6.7284, -0.352, 50.000, 0.000, 1832
1449023662.338,-0.85,1.30,6.6600,0.0197,0.0368,-0.9998,0.1598,0.7221,0.1521,1.2400,-0.6040,6.4042,-6.7379, -0.352, 50.000, 0.000, 1832
1449023662.356,-0.88,1.32,7.4300,0.0202,0.0359,-1.0013,0.0372,0.7226,0.2133,1.2259,-0.5964,6.4151,-6.7449, -0.352, 50.000, 0.000, 1832
1449023662.374,-0.90,1.34,8.0600,0.0178,0.0349,-1.0037,-0.0233,0.6610,0.1534,1.2117,-0.5890,6.4263,-6.7519, -0.352, 50.000, 0.000, 1832
1449023662.398,-0.92,1.35,8.8000,0.0163,0.0334,-0.9955,0.1599,0.6605,0.1526,1.1976,-0.5818,6.4406,-6.7609, -0.352, 50.000, 0.000, 1832
1449023662.416,-0.94,1.36,9.5200,0.0154,0.0242,-0.9978,0.0986,0.4760,0.2151,1.1834,-0.5748,6.4515,-6.7676, -0.352, 50.000, 0.000, 1832
1449023662.434,-0.95,1.37,10.2400,0.0105,0.0237,-1.0003,0.0367,0.3533,0.3378,1.1692,-0.5679,6.4625,-6.7743, -0.352, 50.000, 0.000, 1832
1449023662.457,-0.95,1.37,10.9200,0.0110,0.0203,-1.0041,-0.0234,0.3532,0.2166,1.1549,-0.5614,6.4768,-6.7830, -0.352, 50.000, 0.000, 1832
1449023662.475,-0.95,1.37,11.5800,0.0164,0.0174,-1.0074,0.0372,0.2916,0.2776,1.1407,-0.5551,6.4877,-6.7895, -0.352, 50.000, 0.000, 1832
1449023662.494,-0.96,1.37,12.2400,0.0119,0.0155,-1.0108,0.0988,0.2912,0.2166,1.1265,-0.5490,6.4985,-6.7960, -0.352, 50.000, 0.000, 1832
1449023662.518,-0.95,1.37,12.9000,0.0125,0.0013,-1.0025,0.1580,0.2301,0.4597,1.1122,-0.5431,6.5128,-6.8044, -0.352, 50.000, 0.000, 1832
1449023662.536,-0.94,1.37,13.5500,0.0139,0.0087,-1.0170,0.0995,0.1062,0.1574,1.0980,-0.5376,6.5236,-6.8106, -0.352, 50.000, 0.000, 1832
1449023662.554,-0.93,1.37,14.1800,0.0090,0.0009,-1.0209,0.1593,0.2912,0.2770,1.0837,-0.5322,6.5344,-6.8169, -0.352, 50.000, 0.000, 1832
1449023662.578,-0.91,1.36,14.8300,0.0061,-0.0025,-1.0180,0.2185,0.2917,0.5196,1.0695,-0.5272,6.5487,-6.8251, -0.352, 50.000, 0.000, 1832
1449023662.595,-0.89,1.36,15.4500,0.0037,-0.0039,-1.0199,0.2810,0.2910,0.3372,1.0553,-0.5224,6.5594,-6.8311, -0.352, 50.000, 0.000, 1832
1449023662.615,-0.87,1.35,16.0300,0.0061,-0.0054,-1.0296,0.2810,0.2910,0.3372,1.0411,-0.5178,6.5706,-6.8374, -0.352, 50.000, 0.000, 1832
1449023662.638,-0.84,1.34,16.6200,0.0071,-0.0102,-1.0276,0.2199,0.3528,0.3370,1.0270,-0.5136,6.5844,-6.8451, -0.352, 50.000, 0.000, 1832
1449023662.655,-0.82,1.33,17.2000,0.0012,-0.0093,-1.0325,0.3429,0.3521,0.2150,1.0129,-0.5096,6.5951,-6.8509, -0.352, 50.000, 0.000, 1832
1449023662.674,-0.80,1.32,17.7800,0.0027,-0.0078,-1.0291,0.4044,0.3518,0.1540,0.9988,-0.5058,6.6059,-6.8569, -0.352, 50.000, 0.000, 1832
1449023662.698,-0.78,1.32,18.3400,0.0002,-0.0010,-1.0341,0.4043,0.4750,0.1530,0.9848,-0.5024,6.6200,-6.8645, -0.352, 50.000, 0.000, 1832
1449023662.716,-0.76,1.31,18.8400,0.0090,0.0005,-1.0340,0.4037,0.5367,0.2132,0.9708,-0.4992,6.6307,-6.8702, -0.352, 50.000, 0.000, 1832
1449023662.733,-0.75,1.32,19.3600,0.0066,0.0029,-1.0277,0.3415,0.7221,0.3334,0.9569,-0.4963,6.6414,-6.8759, -0.352, 50.000, 0.000, 1832
1449023662.758,-0.74,1.32,19.8500,0.0075,0.0049,-1.0360,0.4046,0.6596,0.0908,0.9432,-0.4936,6.6555,-6.8834, -0.352, 50.000, 0.000, 1832
1449023662.776,-0.73,1.32,20.3800,0.0001,0.0083,-1.0317,0.2816,0.9681,0.1495,0.9295,-0.4911,6.6662,-6.8890, -0.352, 50.000, 0.000, 1832
1449023662.794,-0.72,1.32,20.8800,0.0090,0.0131,-1.0254,0.4033,0.9063,0.2102,0.9159,-0.4888,6.6769,-6.8946, -0.352, 50.000, 0.000, 1832
1449023662.818,-0.72,1.33,21.4200,0.0065,0.0185,-1.0332,0.4033,0.9063,0.2102,0.9024,-0.4867,6.6910,-6.9018, -0.352, 50.000, 0.000, 1832
1449023662.836,-0.72,1.34,22.0500,0.0089,0.0228,-1.0182,0.4652,0.9674,0.0880,0.8891,-0.4847,6.7016,-6.9072, -0.352, 50.000, 0.000, 1832
1449023662.854,-0.73,1.36,22.6200,0.0134,0.0228,-1.0191,0.4037,1.0294,0.1485,0.8759,-0.4829,6.7123,-6.9126, -0.352, 50.000, 0.000, 1832
1449023662.878,-0.74,1.37,23.1700,0.0133,0.0296,-1.0163,0.4037,0.9678,0.1490,0.8629,-0.4813,6.7265,-6.9197, -0.352, 50.000, 0.000, 1832
1449023662.896,-0.74,1.38,23.4000,0.0148,0.0340,-1.0231,0.3427,0.9063,0.1498,0.8500,-0.4799,6.7370,-6.9249, -0.352, 50.000, 0.000, 1832
1449023662.914,-0.75,1.39,23.6500,0.0133,0.0330,-1.0081,0.4032,1.0295,0.2092,0.8373,-0.4785,6.7477,-6.9303, -0.352, 50.000, 0.000, 1832
1449023662.938,-0.77,1.40,23.9100,0.0133,0.0373,-1.0062,0.1593,1.1533,0.1486,0.8248,-0.4774,6.7618,-6.9372, -0.352, 50.000, 0.000, 1832
1449023662.956,-0.78,1.42,24.1400,0.0197,0.0388,-1.0076,0.3419,0.8451,0.2717,0.8125,-0.4764,6.7724,-6.9425, -0.352, 50.000, 0.000, 1832
1449023662.974,-0.80,1.44,24.3900,0.0217,0.0412,-1.0013,0.2815,1.0297,0.1490,0.8003,-0.4755,6.7831,-6.9479, -0.352, 50.000, 0.000, 1832
1449023662.998,-0.82,1.45,24.7100,0.0168,0.0383,-0.9994,0.2197,0.9070,0.2717,0.7884,-0.4747,6.7971,-6.9549, -0.352, 50.000, 0.000, 1832
1449023663.016,-0.83,1.46,24.9200,0.0182,0.0417,-1.0023,0.2816,0.9681,0.1495,0.7767,-0.4740,6.8077,-6.9601, -0.352, 50.000, 0.000, 1832
1449023663.034,-0.85,1.47,25.0800,0.0232,0.0359,-1.0032,0.1593,0.7222,0.2128,0.7651,-0.4735,6.8183,-6.9655, -0.352, 50.000, 0.000, 1832
1449023663.057,-0.86,1.48,25.2500,0.0153,0.0388,-0.9955,0.2198,0.7838,0.2727,0.7539,-0.4731,6.8324,-6.9726, -0.352, 50.000, 0.000, 1832
1449023663.076,-0.88,1.49,25.4200,0.0183,0.0378,-0.9945,0.0388,0.5989,0.0322,0.7428,-0.4727,6.8429,-6.9779, -0.352, 50.000, 0.000, 1832
1449023663.094,-0.89,1.50,25.6100,0.0222,0.0344,-0.9920,0.0363,0.6613,0.3353,0.7319,-0.4725,6.8536,-6.9834, -0.352, 50.000, 0.000, 1832
1449023663.118,-0.90,1.50,25.8000,0.0144,0.0286,-1.0022,0.0370,0.4764,0.2761,0.7213,-0.4724,6.8676,-6.9906, -0.352, 50.000, 0.000, 1832
1449023663.135,-0.91,1.50,25.9700,0.0188,0.0257,-1.0031,0.0374,0.5378,0.2148,0.7108,-0.4723,6.8782,-6.9960, -0.352, 50.000, 0.000, 1832
1449023663.154,-0.92,1.50,26.2000,0.0095,0.0232,-0.9974,-0.0239,0.3533,0.2773,0.7006,-0.4724,6.8889,-7.0015, -0.352, 50.000, 0.000, 1832
1449023663.177,-0.92,1.50,26.4000,0.0149,0.0159,-1.0045,0.0994,0.1678,0.1569,0.6906,-0.4726,6.9029,-7.0087, -0.352, 50.000, 0.000, 1832
1449023663.196,-0.91,1.50,26.6200,0.0144,0.0130,-1.0098,0.0368,0.2917,0.3383,0.6809,-0.4728,6.9136,-7.0142, -0.352, 50.000, 0.000, 1832
1449023663.214,-0.91,1.49,26.8100,0.0134,0.0068,-1.0224,0.2204,0.2910,0.2768,0.6713,-0.4731,6.9243,-7.0198, -0.352, 50.000, 0.000, 1832
1449023663.238,-0.90,1.49,27.0000,0.0090,0.0048,-1.0209,0.0987,0.3528,0.2161,0.6620,-0.4735,6.9385,-7.0272, -0.352, 50.000, 0.000, 1832
1449023663.256,-0.88,1.47,27.1900,0.0012,0.0024,-1.0229,0.2820,0.2291,0.2163,0.6528,-0.4740,6.9491,-7.0327, -0.352, 50.000, 0.000, 1832
1449023663.274,-0.87,1.47,27.6900,0.0071,0.0004,-1.0175,0.2201,0.1680,0.3385,0.6439,-0.4746,6.9600,-7.0384, -0.352, 50.000, 0.000, 1832
1449023663.298,-0.85,1.46,28.3400,0.0037,-0.0083,-1.0179,0.2811,0.1678,0.3382,0.6352,-0.4752,6.9743,-7.0458, -0.352, 50.000, 0.000, 1832
1449023663.315,-0.84,1.45,28.9900,0.0036,-0.0020,-1.0233,0.2211,0.1061,0.2175,0.6267,-0.4759,6.9851,-7.0512, -0.352, 50.000, 0.000, 1832
1449023663.334,-0.83,1.44,29.6400,0.0051,-0.0073,-1.0325,0.3435,0.2903,0.1548,0.6184,-0.4766,6.9961,-7.0567, -0.352, 50.000, 0.000, 1832
1449023663.357,-0.81,1.43,30.2700,0.0051,-0.0049,-1.0291,0.3416,0.2910,0.3976,0.6104,-0.4774,7.0106,-7.0637, -0.352, 50.000, 0.000, 1832
1449023663.376,-0.79,1.43,30.7200,0.0012,-0.0049,-1.0243,0.3426,0.5985,0.2130,0.6025,-0.4783,7.0217,-7.0690, -0.352, 50.000, 0.000, 1832
1449023663.393,-0.77,1.43,30.9400,0.0036,0.0014,-1.0292,0.2816,0.5987,0.2133,0.5948,-0.4792,7.0327,-7.0742, -0.352, 50.000, 0.000, 1832
1449023663.418,-0.76,1.42,31.1200,0.0016,0.0068,-1.0307,0.3417,0.5373,0.3349,0.5874,-0.4802,7.0475,-7.0812, -0.352, 50.000, 0.000, 1832
1449023663.436,-0.75,1.42,31.3100,0.0031,0.0044,-1.0278,0.4039,0.7830,0.1505,0.5801,-0.4812,7.0586,-7.0864, -0.352, 50.000, 0.000, 1832
1449023663.453,-0.73,1.42,31.4900,0.0001,0.0068,-1.0322,0.4641,0.7215,0.2722,0.5731,-0.4823,7.0699,-7.0917, -0.352, 50.000, 0.000, 1832
1449023663.477,-0.73,1.42,31.6800,0.0026,0.0097,-1.0317,0.3419,0.8451,0.2717,0.5662,-0.4834,7.0848,-7.0987, -0.352, 50.000, 0.000, 1832
1449023663.495,-0.72,1.42,32.1300,0.0070,0.0146,-1.0332,0.2817,0.9065,0.1500,0.5595,-0.4846,7.0959,-7.1039, -0.352, 50.000, 0.000, 1832
1449023663.514,-0.72,1.43,32.6500,0.0084,0.0194,-1.0298,0.4647,1.0292,0.1482,0.5530,-0.4858,7.1072,-7.1091, -0.352, 50.000, 0.000, 1832
1449023663.537,-0.73,1.44,33.1000,0.0094,0.0272,-1.0202,0.5249,0.9678,0.2699,0.5467,-0.4870,7.1223,-7.1160, -0.352, 50.000, 0.000, 1832
1449023663.556,-0.71,1.44,33.4400,-0.0003,-0.0010,-1.0297,0.5244,0.5369,0.3948,0.5405,-0.4883,7.1336,-7.1211, -0.352, 50.000, 0.000, 1832
1449023663.574,-0.70,1.44,33.7300,0.0002,0.0044,-1.0288,0.4032,0.5985,0.2734,0.5346,-0.4896,7.1450,-7.1262, -0.352, 50.000, 0.000, 1832
1449023663.598,-0.69,1.44,34.1800,0.0056,0.0005,-1.0272,0.3419,0.8451,0.2717,0.5288,-0.4909,7.1603,-7.1329, -0.352, 50.000, 0.000, 1832
1449023663.616,-0.69,1.45,34.6500,0.0051,0.0082,-1.0278,0.4033,0.9063,0.2102,0.5231,-0.4923,7.1717,-7.1379, -0.352, 50.000, 0.000, 1832
1449023663.634,-0.68,1.45,35.0300,0.0089,0.0146,-1.0341,0.5264,0.8440,0.0887,0.5176,-0.4937,7.1833,-7.1429, -0.352, 50.000, 0.000, 1832
1449023663.658,-0.68,1.46,35.3100,0.0065,0.0160,-1.0230,0.3425,1.0911,0.1483,0.5123,-0.4951,7.1988,-7.1494, -0.352, 50.000, 0.000, 1832
1449023663.675,-0.68,1.47,35.6100,0.0094,0.0262,-1.0265,0.3428,0.8447,0.1503,0.5071,-0.4966,7.2104,-7.1543, -0.352, 50.000, 0.000, 1832
1449023663.694,-0.69,1.48,35.8500,0.0065,0.0296,-1.0178,0.3410,1.1533,0.3299,0.5020,-0.4980,7.2221,-7.1592, -0.352, 50.000, 0.000, 1832
1449023663.717,-0.69,1.49,36.0300,0.0089,0.0301,-1.0178,0.3430,1.0910,0.0876,0.4971,-0.4996,7.2377,-7.1657, -0.352, 50.000, 0.000, 1832
1449023663.735,-0.70,1.50,36.1700,0.0113,0.0345,-1.0169,0.4653,0.9058,0.0885,0.4924,-0.5011,7.2494,-7.1705, -0.352, 50.000, 0.000, 1832
1449023663.753,-0.72,1.51,36.4100,0.0182,0.0398,-1.0047,0.2200,1.0301,0.2100,0.4877,-0.5026,7.2613,-7.1755, -0.352, 50.000, 0.000, 1832
1449023663.777,-0.73,1.52,36.7200,0.0128,0.0402,-1.0029,0.2822,0.9063,0.0893,0.4832,-0.5042,7.2771,-7.1820, -0.352, 50.000, 0.000, 1832
1449023663.796,-0.75,1.54,37.2900,0.0201,0.0461,-1.0082,0.2199,1.0917,0.2095,0.4788,-0.5059,7.2888,-7.1868, -0.352, 50.000, 0.000, 1832
1449023663.814,-0.77,1.55,37.8200,0.0187,0.0417,-1.0047,0.2207,0.8451,0.1508,0.4746,-0.5075,7.3009,-7.1916, -0.352, 50.000, 0.000, 1832
1449023663.837,-0.79,1.56,38.3300,0.0153,0.0393,-0.9994,0.2206,0.9683,0.1498,0.4705,-0.5092,7.3168,-7.1978, -0.352, 50.000, 0.000, 1832
1449023663.856,-0.81,1.57,38.6200,0.0207,0.0398,-1.0033,0.0376,0.7840,0.1521,0.4664,-0.5109,7.3289,-7.2025, -0.352, 50.000, 0.000, 1832
1449023663.874,-0.83,1.58,38.8700,0.0148,0.0383,-0.9985,0.0987,0.7838,0.1518,0.4625,-0.5127,7.3411,-7.2071, -0.352, 50.000, 0.000, 1832
1449023663.898,-0.84,1.59,39.0900,0.0149,0.0339,-0.9921,0.1599,0.6605,0.1526,0.4588,-0.5145,7.3574,-7.2132, -0.352, 50.000, 0.000, 1832
1449023663.916,-0.85,1.59,39.3400,0.0178,0.0295,-1.0032,0.0994,0.5373,0.0931,0.4551,-0.5163,7.3696,-7.2178, -0.352, 50.000, 0.000, 1832
1449023663.934,-0.87,1.59,39.5800,0.0188,0.0310,-1.0022,0.0383,0.5990,0.0929,0.4516,-0.5182,7.3820,-7.2225, -0.352, 50.000, 0.000, 1832
1449023663.958,-0.87,1.60,39.8100,0.0154,0.0271,-1.0022,0.0376,0.4146,0.2158,0.4482,-0.5201,7.3985,-7.2286, -0.352, 50.000, 0.000, 1832
1449023663.976,-0.88,1.59,40.0100,0.0105,0.0174,-0.9983,0.0982,0.3530,0.2768,0.4449,-0.5220,7.4109,-7.2331, -0.352, 50.000, 0.000, 1832
1449023663.993,-0.88,1.59,40.1700,0.0159,0.0145,-1.0089,0.0368,0.2301,0.3388,0.4416,-0.5240,7.4235,-7.2377, -0.352, 50.000, 0.000, 1832
1449023664.017,-0.88,1.58,40.4300,0.0120,0.0082,-1.0088,0.0983,0.2914,0.2773,0.4386,-0.5260,7.4402,-7.2438, -0.352, 50.000, 0.000, 1832
1449023664.035,-0.87,1.58,40.6900,0.0090,0.0067,-1.0122,0.0985,0.1066,0.2788,0.4356,-0.5280,7.4528,-7.2484, -0.352, 50.000, 0.000, 1832
1449023664.054,-0.86,1.57,41.0600,0.0090,0.0043,-1.0171,0.2197,0.1066,0.3997,0.4327,-0.5301,7.4656,-7.2530, -0.352, 50.000, 0.000, 1832
1449023664.078,-0.85,1.56,41.5000,0.0042,-0.0006,-1.0122,0.1608,0.2291,0.0954,0.4299,-0.5322,7.4826,-7.2590, -0.352, 50.000, 0.000, 1832
1449023664.096,-0.84,1.56,41.8100,0.0066,-0.0049,-1.0223,0.0984,0.1682,0.2783,0.4272,-0.5343,7.4955,-7.2634, -0.352, 50.000, 0.000, 1832
1449023664.114,-0.82,1.54,42.0500,0.0027,-0.0030,-1.0229,0.2811,0.1678,0.3382,0.4246,-0.5365,7.5087,-7.2680, -0.352, 50.000, 0.000, 1832
1449023664.138,-0.81,1.53,42.2600,0.0017,-0.0068,-1.0272,0.2194,0.3530,0.3977,0.4221,-0.5387,7.5258,-7.2737, -0.352, 50.000, 0.000, 1832
1449023664.156,-0.79,1.53,42.4900,0.0027,-0.0059,-1.0233,0.2817,0.4755,0.2143,0.4197,-0.5409,7.5388,-7.2781, -0.352, 50.000, 0.000, 1832
1449023664.174,-0.77,1.52,42.8200,0.0007,-0.0083,-1.0364,0.3428,0.4753,0.2140,0.4174,-0.5432,7.5521,-7.2825, -0.352, 50.000, 0.000, 1832
1449023664.197,-0.76,1.52,43.2700,0.0056,-0.0049,-1.0339,0.2211,0.5371,0.1533,0.4152,-0.5455,7.5695,-7.2882, -0.352, 50.000, 0.000, 1832
1449023664.216,-0.74,1.51,43.8000,0.0007,-0.0000,-1.0287,0.3426,0.6601,0.2125,0.4131,-0.5477,7.5828,-7.2925, -0.352, 50.000, 0.000, 1832
1449023664.234,-0.73,1.51,44.2800,0.0055,0.0049,-1.0350,0.4651,0.6596,0.1512,0.4110,-0.5501,7.5962,-7.2966, -0.352, 50.000, 0.000, 1832
1449023664.258,-0.72,1.51,44.6700,0.0075,0.0044,-1.0306,0.3419,0.7835,0.2722,0.4090,-0.5524,7.6141,-7.3021, -0.352, 50.000, 0.000, 1832
1449023664.276,-0.72,1.52,45.1000,0.0075,0.0053,-1.0326,0.4031,0.7217,0.2724,0.4072,-0.5547,7.6276,-7.3061, -0.352, 50.000, 0.000, 1832
1449023664.294,-0.71,1.52,45.5600,0.0040,0.0146,-1.0308,0.2807,0.9685,0.2710,0.4053,-0.5571,7.6411,-7.3100, -0.352, 50.000, 0.000, 1832
1449023664.317,-0.71,1.52,46.0800,0.0060,0.0204,-1.0332,0.3428,0.8447,0.1503,0.4036,-0.5594,7.6593,-7.3151, -0.352, 50.000, 0.000, 1832
1449023664.336,-0.71,1.53,46.5200,0.0089,0.0189,-1.0245,0.4638,1.0295,0.2697,0.4019,-0.5618,7.6730,-7.3188, -0.352, 50.000, 0.000, 1832
1449023664.354,-0.71,1.54,46.8200,0.0079,0.0233,-1.0274,0.4641,1.1526,0.2079,0.4003,-0.5642,7.6868,-7.3225, -0.352, 50.000, 0.000, 1832
1449023664.377,-0.72,1.55,47.0600,0.0114,0.0301,-1.0144,0.4036,1.0910,0.1480,0.3988,-0.5666,7.7053,-7.3273, -0.352, 50.000, 0.000, 1832
1449023664.395,-0.73,1.56,47.2300,0.0118,0.0355,-1.0241,0.2205,1.0299,0.1493,0.3974,-0.5690,7.7191,-7.3309, -0.352, 50.000, 0.000, 1832
1449023664.414,-0.74,1.57,47.4300,0.0147,0.0364,-1.0227,0.3440,1.0290,-0.0334,0.3960,-0.5714,7.7332,-7.3345, -0.352, 50.000, 0.000, 1832
1449023664.437,-0.76,1.58,47.6400,0.0138,0.0388,-1.0140,0.1595,0.9685,0.1501,0.3947,-0.5738,7.7518,-7.3391, -0.352, 50.000, 0.000, 1832
1449023664.455,-0.77,1.59,47.8600,0.0109,0.0407,-1.0034,0.1592,0.8454,0.2118,0.3934,-0.5763,7.7658,-7.3426, -0.352, 50.000, 0.000, 1832
1449023664.474,-0.79,1.60,48.1500,0.0182,0.0422,-1.0019,0.1593,0.7838,0.2123,0.3922,-0.5787,7.7801,-7.3461, -0.352, 50.000, 0.000, 1832
1449023664.497,-0.81,1.61,48.6100,0.0183,0.0397,-0.9989,0.2820,1.0295,0.0883,0.3911,-0.5812,7.7990,-7.3507, -0.352, 50.000, 0.000, 1832
1449023664.516,-0.83,1.62,49.0200,0.0178,0.0407,-0.9989,0.1002,0.7217,-0.0298,0.3900,-0.5837,7.8133,-7.3540, -0.352, 50.000, 0.000, 1832
1449023664.533,-0.85,1.63,49.4500,0.0222,0.0402,-0.9989,0.0382,0.6606,0.0924,0.3890,-0.5862,7.8277,-7.3573, -0.352, 50.000, 0.000, 1832
1449023664.557,-0.86,1.64,49.9000,0.0173,0.0349,-0.9965,0.2203,0.7837,0.2120,0.3881,-0.5887,7.8469,-7.3615, -0.352, 50.000, 0.000, 1832
1449023664.576,-0.88,1.65,50.3500,0.0173,0.0363,-0.9965,0.0374,0.5994,0.2143,0.3872,-0.5913,7.8614,-7.3646, -0.352, 50.000, 0.000, 1832
1449023664.594,-0.89,1.66,50.8000,0.0183,0.0344,-0.9964,0.0989,0.5990,0.1534,0.3863,-0.5938,7.8761,-7.3677, -0.352, 50.000, 0.000, 1832
1449023664.618,-0.90,1.66,51.2300,0.0139,0.0242,-0.9983,0.0986,0.4760,0.2151,0.3856,-0.5964,7.8958,-7.3715, -0.352, 50.000, 0.000, 1832
1449023664.635,-0.91,1.66,51.6700,0.0149,0.0232,-1.0036,0.0366,0.4765,0.3368,0.3848,-0.5990,7.9105,-7.3744, -0.352, 50.000, 0.000, 1832
1449023664.654,-0.92,1.66,52.1200,0.0100,0.0208,-1.0017,-0.0853,0.2921,0.3388,0.3842,-0.6016,7.9255,-7.3771, -0.352, 50.000, 0.000, 1832
1449023664.678,-0.92,1.66,52.5700,0.0090,0.0150,-1.0051,0.0992,0.3526,0.1554,0.3836,-0.6043,7.9455,-7.3806, -0.352, 50.000, 0.000, 1832
1449023664.696,-0.92,1.65,52.9800,0.0115,0.0116,-1.0069,-0.0241,0.1687,0.3395,0.3830,-0.6070,7.9605,-7.3832, -0.352, 50.000, 0.000, 1832
1449023664.713,-0.92,1.65,53.4100,0.0090,0.0092,-1.0118,-0.0232,0.1684,0.2181,0.3825,-0.6097,7.9757,-7.3857, -0.352, 50.000, 0.000, 1832
1449023664.738,-0.91,1.64,53.8400,0.0130,0.0048,-1.0170,0.0369,0.1685,0.3393,0.3821,-0.6124,7.9959,-7.3888, -0.352, 50.000, 0.000, 1832
1449023664.756,-0.91,1.63,54.2400,0.0105,0.0033,-1.0180,0.1599,0.2294,0.2168,0.3817,-0.6151,8.0112,-7.3911, -0.352, 50.000, 0.000, 1832
1449023664.774,-0.90,1.62,54.6600,0.0022,-0.0005,-1.0234,0.0993,0.2294,0.1564,0.3813,-0.6179,8.0268,-7.3933, -0.352, 50.000, 0.000, 1832
1449023664.797,-0.88,1.62,55.0700,0.0061,-0.0054,-1.0247,0.2806,0.2296,0.3984,0.3810,-0.6206,8.0474,-7.3960, -0.352, 50.000, 0.000, 1832
1449023664.816,-0.87,1.61,55.4800,0.0061,-0.0054,-1.0257,0.0982,0.3530,0.2768,0.3808,-0.6234,8.0629,-7.3980, -0.352, 50.000, 0.000, 1832
1449023664.834,-0.85,1.60,55.8800,0.0027,-0.0039,-1.0253,0.2198,0.4144,0.3365,0.3806,-0.6262,8.0786,-7.3999, -0.352, 50.000, 0.000, 1832
1449023664.858,-0.84,1.59,56.2900,0.0022,-0.0078,-1.0315,0.2819,0.3523,0.2153,0.3804,-0.6291,8.0995,-7.4023, -0.352, 50.000, 0.000, 1832
1449023664.876,-0.82,1.59,56.7100,0.0036,-0.0010,-1.0297,0.3428,0.4753,0.2140,0.3803,-0.6319,8.1154,-7.4040, -0.352, 50.000, 0.000, 1832
1449023664.894,-0.81,1.58,57.1200,0.0051,-0.0049,-1.0359,0.4025,0.4141,0.3964,0.3803,-0.6347,8.1312,-7.4056, -0.352, 50.000, 0.000, 1832
1449023664.918,-0.79,1.58,57.5300,0.0031,-0.0049,-1.0364,0.4032,0.5985,0.2734,0.3802,-0.6376,8.1524,-7.4075, -0.352, 50.000, 0.000, 1832
1449023664.936,-0.78,1.58,57.9400,0.0026,0.0010,-1.0360,0.2805,0.7222,0.3337,0.3803,-0.6405,8.1684,-7.4089, -0.352, 50.000, 0.000, 1832
1449023664.953,-0.77,1.58,58.3300,0.0041,0.0054,-1.0375,0.3414,0.8453,0.3324,0.3803,-0.6433,8.1845,-7.4102, -0.352, 50.000, 0.000, 1832
1449023664.978,-0.76,1.58,58.7100,0.0055,0.0073,-1.0350,0.2822,0.8447,0.0898,0.3804,-0.6462,8.2060,-7.4117, -0.352, 50.000, 0.000, 1832
1449023664.996,-0.75,1.58,59.0900,0.0050,0.0083,-1.0341,0.4035,0.7831,0.2112,0.3806,-0.6491,8.2221,-7.4128, -0.352, 50.000, 0.000, 1832
1449023665.014,-0.75,1.59,59.4600,0.0050,0.0151,-1.0313,0.5254,0.9676,0.2092,0.3807,-0.6520,8.2385,-7.4137, -0.352, 50.000, 0.000, 1832
1449023665.038,-0.75,1.59,59.8300,0.0065,0.0189,-1.0289,0.3422,0.9681,0.2100,0.3809,-0.6548,8.2602,-7.4149, -0.352, 50.000, 0.000, 1832
1449023665.056,-0.75,1.60,60.2000,0.0119,0.0223,-1.0254,0.2805,1.1533,0.2695,0.3812,-0.6577,8.2766,-7.4156, -0.352, 50.000, 0.000, 1832
1449023665.074,-0.75,1.61,60.5700,0.0128,0.0277,-1.0231,0.4032,0.9679,0.2097,0.3814,-0.6606,8.2931,-7.4163, -0.352, 50.000, 0.000, 1832
1449023665.097,-0.76,1.62,60.9400,0.0118,0.0340,-1.0159,0.3421,1.0913,0.2090,0.3817,-0.6635,8.3150,-7.4170, -0.352, 50.000, 0.000, 1832
1449023665.116,-0.77,1.63,61.3200,0.0133,0.0335,-1.0163,0.2807,0.9685,0.2710,0.3820,-0.6664,8.3316,-7.4175, -0.352, 50.000, 0.000, 1832
1449023665.133,-0.78,1.64,61.6800,0.0133,0.0369,-1.0086,0.4039,0.8446,0.1500,0.3824,-0.6693,8.3482,-7.4178, -0.352, 50.000, 0.000, 1832
1449023665.157,-0.80,1.65,62.0300,0.0153,0.0393,-1.0091,0.2200,1.0301,0.2100,0.3828,-0.6721,8.3704,-7.4182, -0.352, 50.000, 0.000, 1832
1449023665.176,-0.82,1.67,62.4000,0.0163,0.0422,-1.0053,0.2807,0.9685,0.2710,0.3832,-0.6750,8.3872,-7.4183, -0.352, 50.000, 0.000, 1832
1449023665.194,-0.83,1.68,62.7400,0.0197,0.0422,-1.0052,0.0369,0.9690,0.2113,0.3837,-0.6779,8.4040,-7.4184, -0.352, 50.000, 0.000, 1832
1449023665.218,-0.85,1.69,63.0900,0.0143,0.0427,-1.0029,0.2813,0.8451,0.2113,0.3841,-0.6808,8.4264,-7.4183, -0.352, 50.000, 0.000, 1832
1449023665.236,-0.87,1.70,63.4300,0.0168,0.0441,-0.9927,0.2827,0.8446,0.0291,0.3846,-0.6837,8.4433,-7.4181, -0.352, 50.000, 0.000, 1832
1449023665.254,-0.89,1.71,63.7400,0.0134,0.0397,-0.9936,0.0382,0.6606,0.0924,0.3852,-0.6867,8.4604,-7.4179, -0.352, 50.000, 0.000, 1832
1449023665.278,-0.90,1.71,64.0000,0.0203,0.0363,-0.9926,0.0373,0.6610,0.2138,0.3857,-0.6896,8.4832,-7.4174, -0.352, 50.000, 0.000, 1832
1449023665.295,-0.92,1.72,64.3400,0.0168,0.0339,-0.9994,0.0990,0.5374,0.1539,0.3863,-0.6925,8.5003,-7.4170, -0.352, 50.000, 0.000, 1832
1449023665.314,-0.93,1.72,64.6900,0.0203,0.0305,-0.9964,0.2211,0.4755,0.1538,0.3869,-0.6955,8.5176,-7.4165, -0.352, 50.000, 0.000, 1832
1449023665.338,-0.94,1.72,65.0200,0.0168,0.0261,-0.9993,-0.0239,0.4149,0.2768,0.3875,-0.6985,8.5406,-7.4157, -0.352, 50.000, 0.000, 1832
1449023665.355,-0.95,1.72,65.3200,0.0168,0.0257,-1.0056,0.0992,0.3526,0.1554,0.3882,-0.7014,8.5578,-7.4149, -0.352, 50.000, 0.000, 1832
1449023665.374,-0.96,1.72,65.6600,0.0139,0.0222,-0.9935,0.0360,0.5383,0.3970,0.3889,-0.7044,8.5753,-7.4141, -0.352, 50.000, 0.000, 1832
1449023665.398,-0.96,1.72,65.9700,0.0135,0.0169,-0.9949,0.0982,0.3530,0.2768,0.3896,-0.7074,8.5986,-7.4129, -0.352, 50.000, 0.000, 1832
1449023665.416,-0.96,1.72,66.0700,0.0095,0.0121,-1.0094,-0.0853,0.2921,0.3388,0.3904,-0.7105,8.6162,-7.4119, -0.352, 50.000, 0.000, 1832
1449023665.434,-0.96,1.71,66.1800,0.0120,0.0116,-1.0113,0.0372,0.2916,0.2776,0.3912,-0.7135,8.6338,-7.4109, -0.352, 50.000, 0.000, 1832
